Date,Open,Close,High,Low
2018-01-01,1067.5,1067.5,1067.5,1067.5
2018-01-02,1066.5,1096.0,1099.0,1066.0
2018-01-03,1095.5,1088.0,1097.0,1084.0
2018-01-04,1086.5,1102.5,1108.5,1083.5
2018-01-05,1100.0,1091.5,1103.0,1086.5
2018-01-06,1097.8333333333333,1094.8333333333333,1103.0,1087.8333333333333
2018-01-07,1095.6666666666667,1098.1666666666667,1103.0,1089.1666666666667
2018-01-08,1093.5,1101.5,1103.0,1090.5
2018-01-09,1101.0,1102.0,1113.5,1100.0
2018-01-10,1101.5,1087.0,1104.0,1084.0
2018-01-11,1087.0,1087.5,1093.0,1078.5
2018-01-12,1087.5,1122.0,1127.5,1087.5
2018-01-13,1099.5,1124.3333333333333,1131.3333333333333,1098.5
2018-01-14,1111.5,1126.6666666666667,1135.1666666666667,1109.5
2018-01-15,1123.5,1129.0,1139.0,1120.5
2018-01-16,1129.5,1096.0,1132.5,1091.5
2018-01-17,1097.0,1120.0,1120.5,1097.0
2018-01-18,1116.0,1101.5,1118.5,1099.5
2018-01-19,1102.0,1108.5,1115.5,1102.0
2018-01-20,1105.25,1108.5,557.75,551.0
2018-01-21,1108.5,1108.5,0.0,0.0
2018-01-22,1109.5,1098.0,1111.5,1086.0
2018-01-23,1098.5,1094.0,1102.5,1088.0
2018-01-24,1095.0,1112.5,1113.5,1094.5
2018-01-25,1110.5,1101.0,1115.5,1095.75
2018-01-26,1095.5,1093.0,1103.0,1082.5
2018-01-27,1094.25,1093.0,1098.0,1087.75
2018-01-28,1093.0,1093.0,1093.0,1093.0
2018-01-29,1094.0,1092.0,1094.5,1083.0
2018-01-30,1089.5,1057.0,1091.5,1050.0
2018-01-31,1059.0,1030.5,1063.5,1027.0
2018-02-01,1032.0,1042.0,1045.5,1017.0
2018-02-02,1041.0,1052.5,1054.5,1038.0
2018-02-03,1046.75,1050.75,1053.5,1043.5
2018-02-04,1052.5,1049.0,1052.5,1049.0
2018-02-05,1050.0,1037.0,1050.0,1030.5
2018-02-06,1032.5,1014.0,1032.5,1004.5
2018-02-07,1015.0,988.0,1017.5,983.5
2018-02-08,990.0,965.0,990.5,962.0
2018-02-09,965.0,978.0,982.5,962.5
2018-02-10,971.5,978.5,981.25,970.25
2018-02-11,978.0,979.0,980.0,978.0
2018-02-12,981.5,984.5,993.5,980.0
2018-02-13,987.5,988.0,996.0,984.0
2018-02-14,986.5,1002.5,1006.0,984.5
2018-02-15,1002.5,1020.0,1022.5,1002.5
2018-02-16,1019.5,1044.5,1049.0,1019.5
2018-02-17,1032.0,1047.0,1049.25,1032.0
2018-02-18,1044.5,1049.5,1049.5,1044.5
2018-02-19,1046.5,1036.5,1052.0,1033.5
2018-02-20,1036.5,1035.5,1044.5,1028.5
2018-02-21,1035.0,1022.0,1036.5,1020.5
2018-02-22,1023.5,1040.0,1041.5,1020.0
2018-02-23,1042.0,1048.0,1048.5,1036.0
2018-02-24,1045.0,1047.75,1048.25,1041.75
2018-02-25,1048.0,1047.5,1048.0,1047.5
2018-02-26,1048.5,1061.5,1067.5,1048.0
2018-02-27,1063.0,1040.5,1065.5,1037.5
2018-02-28,1040.5,1045.0,1050.0,1040.0
2018-03-01,1047.0,991.5,1047.5,978.0
2018-03-02,992.0,993.0,999.0,979.0
2018-03-03,992.5,996.25,999.25,986.0
2018-03-04,993.0,999.5,999.5,993.0
2018-03-05,997.0,985.0,1001.0,979.5
2018-03-06,986.5,986.5,994.5,977.0
2018-03-07,987.5,971.5,988.5,965.5
2018-03-08,974.5,980.0,990.5,966.5
2018-03-09,979.0,999.5,999.5,972.0
2018-03-10,989.25,998.75,999.75,984.5
2018-03-11,999.5,998.0,1000.0,997.0
2018-03-12,998.5,981.0,999.0,974.0
2018-03-13,981.5,992.0,999.5,978.5
2018-03-14,991.5,992.0,1008.0,989.5
2018-03-15,992.5,989.5,996.0,983.0
2018-03-16,989.0,997.0,999.0,984.0
2018-03-17,993.75,997.25,998.75,990.25
2018-03-18,998.5,997.5,998.5,996.5
2018-03-19,997.0,991.5,1000.5,990.0
2018-03-20,991.0,984.0,996.5,979.5
2018-03-21,984.5,991.5,996.5,980.5
2018-03-22,992.0,986.5,998.0,977.0
2018-03-23,986.0,979.0,991.0,976.5
2018-03-24,982.5,978.0,985.0,976.75
2018-03-25,979.0,977.0,979.0,977.0
2018-03-26,978.0,976.5,987.0,973.0
2018-03-27,977.5,975.5,985.5,973.5
2018-03-28,974.5,970.5,979.5,967.0
2018-03-29,971.0,954.5,974.5,945.0
2018-03-30,965.5,954.5,967.8333333333334,948.1666666666666
2018-03-31,960.0,954.5,961.1666666666666,951.3333333333334
2018-04-01,954.5,954.5,954.5,954.5
2018-04-02,957.0,937.5,960.5,931.0
2018-04-03,937.0,932.5,943.5,930.25
2018-04-04,933.0,927.5,933.5,916.0
2018-04-05,929.5,907.5,931.0,902.5
2018-04-06,909.0,903.0,915.5,899.5
2018-04-07,908.1666666666666,912.8333333333334,923.8333333333334,901.6666666666666
2018-04-08,907.3333333333334,922.6666666666666,932.1666666666666,903.8333333333334
2018-04-09,906.5,932.5,940.5,906.0
2018-04-10,932.0,955.0,961.0,931.5
2018-04-11,951.0,967.5,973.0,950.0
2018-04-12,966.5,967.5,970.0,946.5
2018-04-13,966.5,989.5,992.0,965.5
2018-04-14,978.0,989.5,990.75,977.5
2018-04-15,989.5,989.5,989.5,989.5
2018-04-16,987.5,1004.5,1013.0,984.5
2018-04-17,1004.0,1013.0,1016.0,985.0
2018-04-18,1014.5,1037.5,1046.0,1012.0
2018-04-19,1037.0,1028.5,1056.5,1023.0
2018-04-20,1032.0,1033.0,1042.5,1014.5
2018-04-21,1032.5,1030.75,1037.75,1021.5
2018-04-22,1033.0,1028.5,1033.0,1028.5
2018-04-23,1030.5,984.0,1037.0,974.0
2018-04-24,983.5,977.0,988.5,964.0
2018-04-25,976.5,980.5,980.5,961.0
2018-04-26,979.5,987.5,993.5,968.0
2018-04-27,987.0,976.5,990.5,971.0
2018-04-28,981.75,976.5,983.5,973.75
2018-04-29,976.5,976.5,976.5,976.5
2018-04-30,971.5,967.5,976.0,959.5
2018-05-01,968.0,951.0,969.0,944.0
2018-05-02,948.0,962.5,973.5,947.0
2018-05-03,962.0,965.0,975.5,962.0
2018-05-04,965.0,969.5,971.0,960.5
2018-05-05,967.25,970.25,971.0,965.0
2018-05-06,969.5,971.0,971.0,969.5
2018-05-07,970.0,974.5,982.5,970.0
2018-05-08,974.0,970.5,977.0,967.0
2018-05-09,973.0,979.5,983.5,970.0
2018-05-10,978.0,1000.5,1004.5,976.5
2018-05-11,1000.5,998.5,1011.0,989.5
2018-05-12,999.5,998.25,1004.75,993.75
2018-05-13,998.5,998.0,998.5,998.0
2018-05-14,990.5,998.5,1004.0,990.5
2018-05-15,998.0,984.0,999.5,967.0
2018-05-16,982.5,986.25,990.75,979.5
2018-05-17,988.0,981.0,991.0,978.0
2018-05-18,979.5,965.75,984.0,963.5
2018-05-19,972.625,965.75,974.875,964.625
2018-05-20,965.75,965.75,965.75,965.75
2018-05-21,971.5,992.0,997.0,968.0
2018-05-22,993.5,991.0,1006.5,989.0
2018-05-23,993.5,982.5,994.5,969.0
2018-05-24,981.5,977.5,986.5,972.5
2018-05-25,977.5,982.5,986.5,971.5
2018-05-26,980.0,982.5,984.5,977.0
2018-05-27,982.5,982.5,982.5,982.5
2018-05-28,983.5,989.5,989.5,981.0
2018-05-29,986.5,982.0,991.5,976.0
2018-05-30,978.0,987.5,987.5,975.0
2018-05-31,987.0,988.0,992.5,986.0
2018-06-01,989.0,1002.25,1006.75,986.25
2018-06-02,995.625,1002.25,1004.5,994.25
2018-06-03,1002.25,1002.25,1002.25,1002.25
2018-06-04,1002.0,998.5,1013.0,996.5
2018-06-05,998.0,997.0,999.5,983.5
2018-06-06,995.0,1019.5,1025.0,994.0
2018-06-07,1020.0,1014.5,1031.5,1012.5
2018-06-08,1014.0,1017.5,1020.0,1008.5
2018-06-09,1015.75,1017.25,1018.75,1012.75
2018-06-10,1017.5,1017.0,1017.5,1017.0
2018-06-11,1016.5,1025.0,1026.0,1011.0
2018-06-12,1025.0,1021.5,1025.5,1019.5
2018-06-13,1023.0,1012.0,1023.5,1003.5
2018-06-14,1012.0,1011.0,1018.5,1004.5
2018-06-15,1010.5,989.0,1012.0,987.0
2018-06-16,999.75,987.25,1000.5,986.25
2018-06-17,989.0,985.5,989.0,985.5
2018-06-18,988.0,993.0,1001.5,986.0
2018-06-19,993.0,970.0,994.5,967.5
2018-06-20,971.0,968.0,979.5,963.5
2018-06-21,966.0,954.0,969.0,951.0
2018-06-22,951.0,959.5,963.0,951.0
2018-06-23,955.25,959.0,961.25,954.75
2018-06-24,959.5,958.5,959.5,958.5
2018-06-25,958.0,942.25,961.0,940.25
2018-06-26,943.75,959.75,962.75,933.25
2018-06-27,961.75,950.25,964.25,945.25
2018-06-28,953.75,947.25,956.75,936.25
2018-06-29,947.25,955.5,959.5,944.0
2018-06-30,951.375,955.5,957.5,949.75
2018-07-01,955.5,955.5,955.5,955.5
2018-07-02,957.0,948.5,959.0,940.0
2018-07-03,949.5,945.0,954.5,941.5
2018-07-04,944.5,949.0,954.5,944.5
2018-07-05,951.5,951.5,953.5,943.0
2018-07-06,951.0,955.5,955.5,942.5
2018-07-07,953.25,955.5,955.5,949.0
2018-07-08,955.5,955.5,955.5,955.5
2018-07-09,955.5,963.0,969.5,955.0
2018-07-10,962.0,944.5,963.0,942.0
2018-07-11,944.0,941.5,945.5,936.0
2018-07-12,940.0,953.0,956.0,938.0
2018-07-13,952.5,939.5,953.0,938.5
2018-07-14,946.0,939.5,946.25,939.0
2018-07-15,939.5,939.5,939.5,939.5
2018-07-16,941.5,920.5,946.5,918.5
2018-07-17,921.0,915.5,930.0,910.5
2018-07-18,916.5,909.5,918.0,907.5
2018-07-19,909.0,872.5,912.0,862.5
2018-07-20,874.5,896.5,901.0,872.5
2018-07-21,885.5,896.5,898.75,884.5
2018-07-22,896.5,896.5,896.5,896.5
2018-07-23,892.5,917.0,917.0,890.0
2018-07-24,917.0,917.5,929.5,910.0
2018-07-25,916.5,942.0,942.5,915.5
2018-07-26,939.5,929.5,942.5,926.0
2018-07-27,930.5,924.0,936.5,919.5
2018-07-28,927.25,924.0,930.25,921.75
2018-07-29,924.0,924.0,924.0,924.0
2018-07-30,927.0,932.0,935.0,923.5
2018-07-31,930.0,932.0,940.0,925.5
2018-08-01,934.5,916.5,936.0,915.0
2018-08-02,919.0,914.5,925.0,909.0
2018-08-03,916.0,912.0,924.5,910.5
2018-08-04,914.0,911.25,918.25,910.5
2018-08-05,912.0,910.5,912.0,910.5
2018-08-06,912.5,906.5,917.0,902.75
2018-08-07,910.0,911.5,924.0,908.5
2018-08-08,911.0,903.0,916.5,896.0
2018-08-09,906.0,910.0,913.0,897.5
2018-08-10,911.0,912.5,914.0,902.5
2018-08-11,911.75,912.5,913.25,907.5
2018-08-12,912.5,912.5,912.5,912.5
2018-08-13,913.0,893.5,913.5,887.5
2018-08-14,894.5,900.5,902.0,888.5
2018-08-15,900.0,846.0,900.5,837.0
2018-08-16,847.5,892.75,907.75,835.0
2018-08-17,889.25,913.75,915.75,886.75
2018-08-18,901.5,913.75,914.75,900.25
2018-08-19,913.75,913.75,913.75,913.75
2018-08-20,911.75,921.25,926.25,910.25
2018-08-21,921.75,919.75,926.75,914.25
2018-08-22,918.25,928.75,930.25,914.25
2018-08-23,929.25,918.75,929.25,914.75
2018-08-24,918.75,939.25,941.75,917.75
2018-08-25,929.0,939.25,940.5,928.5
2018-08-26,939.25,939.25,939.25,939.25
2018-08-27,940.25,951.25,952.75,934.25
2018-08-28,952.25,944.0,958.5,942.0
2018-08-29,944.5,966.5,969.5,944.0
2018-08-30,967.0,968.0,986.0,958.0
2018-08-31,969.0,983.5,986.5,968.0
2018-09-01,976.25,983.5,985.0,975.75
2018-09-02,983.5,983.5,983.5,983.5
2018-09-03,985.0,981.5,988.0,978.0
2018-09-04,983.0,983.0,989.5,956.0
2018-09-05,982.5,975.5,989.5,971.5
2018-09-06,976.5,977.0,989.5,974.5
2018-09-07,977.5,983.0,992.5,975.0
2018-09-08,980.25,983.0,987.75,979.0
2018-09-09,983.0,983.0,983.0,983.0
2018-09-10,982.0,978.5,993.0,976.5
2018-09-11,978.5,977.5,985.5,970.0
2018-09-12,979.0,979.5,984.0,972.0
2018-09-13,979.0,985.5,987.5,977.5
2018-09-14,986.0,980.5,992.0,978.0
2018-09-15,983.25,980.5,986.25,979.25
2018-09-16,980.5,980.5,980.5,980.5
2018-09-17,979.5,986.5,988.5,978.0
2018-09-18,987.0,1013.5,1015.5,983.5
2018-09-19,1014.0,1038.0,1042.0,1013.0
2018-09-20,1038.0,1052.5,1056.5,1035.5
2018-09-21,1052.0,1051.5,1058.0,1038.5
2018-09-22,1051.75,1052.0,1055.25,1045.0
2018-09-23,1051.5,1052.5,1052.5,1051.5
2018-09-24,1049.5,1060.0,1062.5,1044.0
2018-09-25,1062.0,1064.0,1071.0,1052.0
2018-09-26,1063.5,1070.0,1077.5,1060.5
2018-09-27,1069.5,1084.5,1086.0,1061.5
2018-09-28,1085.0,1076.0,1095.5,1073.5
2018-09-29,1080.5,1079.75,1089.5,1074.75
2018-09-30,1076.0,1083.5,1083.5,1076.0
2018-10-01,1075.5,1060.5,1077.5,1051.0
2018-10-02,1060.5,1055.5,1070.0,1044.5
2018-10-03,1057.5,1059.0,1069.5,1050.5
2018-10-04,1060.0,1060.0,1065.5,1051.5
2018-10-05,1058.0,1071.5,1078.5,1053.5
2018-10-06,1064.75,1069.25,1075.5,1060.25
2018-10-07,1071.5,1067.0,1072.5,1067.0
2018-10-08,1072.0,1078.0,1079.5,1059.0
2018-10-09,1077.5,1073.5,1087.5,1069.0
2018-10-10,1074.0,1070.0,1083.0,1066.0
2018-10-11,1070.0,1080.0,1096.0,1068.5
2018-10-12,1080.0,1069.0,1090.0,1067.0
2018-10-13,1074.5,1069.0,1079.5,1068.0
2018-10-14,1069.0,1069.0,1069.0,1069.0
2018-10-15,1067.5,1086.5,1092.0,1067.5
2018-10-16,1087.5,1082.0,1093.0,1079.0
2018-10-17,1082.5,1075.0,1087.0,1074.0
2018-10-18,1074.5,1073.5,1081.0,1068.0
2018-10-19,1074.0,1083.0,1092.5,1074.0
2018-10-20,1078.5,1083.25,1088.0,1078.5
2018-10-21,1083.0,1083.5,1083.5,1083.0
2018-10-22,1085.0,1124.0,1125.0,1083.0
2018-10-23,1122.5,1143.5,1153.0,1118.5
2018-10-24,1143.5,1130.5,1145.5,1125.5
2018-10-25,1128.5,1103.0,1129.0,1102.0
2018-10-26,1103.0,1107.0,1109.0,1083.5
2018-10-27,1105.0,1106.25,1108.0,1094.0
2018-10-28,1107.0,1105.5,1107.0,1104.5
2018-10-29,1105.0,1091.5,1121.5,1088.5
2018-10-30,1091.0,1077.5,1099.5,1070.0
2018-10-31,1077.0,1081.5,1088.5,1070.0
2018-11-01,1081.5,1096.0,1102.5,1078.0
2018-11-02,1096.5,1118.5,1125.0,1093.5
2018-11-03,1107.5,1118.5,1121.75,1106.0
2018-11-04,1118.5,1118.5,1118.5,1118.5
2018-11-05,1116.0,1137.5,1141.0,1113.0
2018-11-06,1137.5,1118.0,1137.5,1104.5
2018-11-07,1117.5,1139.0,1141.5,1114.5
2018-11-08,1137.5,1127.5,1138.0,1115.0
2018-11-09,1128.5,1116.5,1129.0,1109.0
2018-11-10,1122.5,1116.5,1122.75,1112.75
2018-11-11,1116.5,1116.5,1116.5,1116.5
2018-11-12,1116.0,1099.5,1121.0,1097.5
2018-11-13,1101.0,1113.0,1116.5,1100.5
2018-11-14,1114.5,1129.5,1135.0,1104.0
2018-11-15,1128.0,1160.0,1179.0,1124.5
2018-11-16,1159.0,1177.0,1186.0,1155.0
2018-11-17,1168.0,1175.0,1181.5,1164.0
2018-11-18,1177.0,1173.0,1177.0,1173.0
2018-11-19,1178.0,1164.0,1185.5,1159.5
2018-11-20,1163.0,1145.5,1171.0,1138.5
2018-11-21,1144.5,1152.5,1159.5,1143.5
2018-11-22,1150.0,1156.0,1158.0,1146.75
2018-11-23,1155.5,1122.0,1155.5,1119.0
2018-11-24,1138.75,1122.5,1139.5,1120.5
2018-11-25,1122.0,1123.0,1123.5,1122.0
2018-11-26,1128.0,1146.0,1152.5,1126.5
2018-11-27,1147.0,1153.0,1155.0,1137.5
2018-11-28,1154.5,1187.0,1188.5,1151.5
2018-11-29,1185.5,1183.5,1189.0,1173.0
2018-11-30,1182.5,1185.5,1209.5,1182.5
2018-12-01,1184.0,1187.5,1199.5,1184.0
2018-12-02,1185.5,1189.5,1189.5,1185.5
2018-12-03,1193.5,1212.0,1223.5,1189.5
2018-12-04,1205.5,1232.0,1241.5,1205.5
2018-12-05,1231.0,1249.0,1260.0,1227.0
2018-12-06,1244.5,1210.0,1250.0,1191.0
2018-12-07,1212.0,1226.5,1228.5,1193.5
2018-12-08,1219.25,1226.75,1228.25,1210.0
2018-12-09,1226.5,1227.0,1228.0,1226.5
2018-12-10,1223.5,1216.0,1234.0,1212.5
2018-12-11,1220.0,1243.0,1254.5,1216.5
2018-12-12,1244.0,1261.5,1264.5,1244.0
2018-12-13,1262.0,1259.5,1268.5,1252.0
2018-12-14,1261.0,1249.0,1262.5,1221.0
2018-12-15,1255.0,1249.0,1255.75,1235.0
2018-12-16,1249.0,1249.0,1249.0,1249.0
2018-12-17,1248.5,1266.0,1272.0,1246.5
2018-12-18,1264.0,1254.0,1267.0,1251.5
2018-12-19,1254.0,1272.0,1285.0,1252.5
2018-12-20,1269.5,1266.5,1282.0,1256.0
2018-12-21,1269.0,1235.0,1269.5,1226.5
2018-12-22,1252.0,1235.0,1252.25,1230.75
2018-12-23,1235.0,1235.0,1235.0,1235.0
2018-12-24,1236.0,1242.5,1246.5,1228.0
2018-12-25,1240.0,1250.5,1252.75,1235.75
2018-12-26,1244.0,1258.5,1259.0,1243.5
2018-12-27,1258.5,1266.5,1268.0,1252.0
2018-12-28,1266.5,1255.5,1274.0,1250.5
2018-12-29,1261.0,1255.5,1264.75,1253.0
2018-12-30,1255.5,1255.5,1255.5,1255.5
2018-12-31,1261.5,1267.0,1268.5,1254.0
2019-01-01,1264.75,1266.5,1270.0,1257.25
2019-01-02,1268.0,1266.0,1271.5,1260.5
2019-01-03,1266.0,1267.0,1271.0,1262.0
2019-01-04,1267.0,1306.0,1313.0,1264.5
2019-01-05,1286.5,1306.0,1309.5,1285.25
2019-01-06,1306.0,1306.0,1306.0,1306.0
2019-01-07,1307.5,1306.5,1313.0,1296.0
2019-01-08,1305.5,1329.0,1332.0,1298.0
2019-01-09,1329.5,1329.0,1343.0,1323.0
2019-01-10,1328.5,1325.5,1333.5,1316.5
2019-01-11,1324.5,1325.0,1343.0,1315.0
2019-01-12,1324.75,1324.75,1334.0,1319.75
2019-01-13,1325.0,1324.5,1325.0,1324.5
2019-01-14,1320.5,1325.5,1336.5,1313.5
2019-01-15,1325.0,1320.5,1336.0,1316.0
2019-01-16,1321.5,1362.5,1364.0,1321.5
2019-01-17,1363.5,1401.5,1437.0,1361.0
2019-01-18,1399.0,1379.5,1423.0,1367.0
2019-01-19,1389.25,1379.5,1401.25,1373.25
2019-01-20,1379.5,1379.5,1379.5,1379.5
2019-01-21,1378.5,1366.5,1400.0,1353.0
2019-01-22,1366.0,1346.0,1372.0,1334.0
2019-01-23,1346.5,1353.5,1360.0,1336.5
2019-01-24,1352.5,1321.0,1355.0,1316.5
2019-01-25,1324.0,1366.0,1366.0,1310.5
2019-01-26,1345.0,1364.25,1366.0,1336.5
2019-01-27,1366.0,1362.5,1366.0,1362.5
2019-01-28,1359.0,1334.5,1368.0,1330.0
2019-01-29,1334.5,1347.0,1357.0,1327.0
2019-01-30,1348.0,1363.5,1366.0,1339.0
2019-01-31,1362.0,1344.5,1388.5,1337.0
2019-02-01,1347.5,1354.5,1373.5,1345.5
2019-02-02,1351.0,1354.5,1364.0,1350.0
2019-02-03,1354.5,1354.5,1354.5,1354.5
2019-02-04,1350.5,1369.5,1371.5,1343.0
2019-02-05,1365.0,1384.0,1384.0,1363.0
2019-02-06,1383.5,1374.0,1386.0,1366.5
2019-02-07,1374.5,1389.5,1395.5,1368.0
2019-02-08,1386.5,1403.5,1404.5,1386.5
2019-02-09,1395.0,1403.5,1404.0,1395.0
2019-02-10,1403.5,1403.5,1403.5,1403.5
2019-02-11,1403.5,1389.0,1407.0,1374.5
2019-02-12,1389.0,1406.5,1406.5,1385.5
2019-02-13,1408.5,1397.5,1415.0,1395.0
2019-02-14,1397.0,1416.0,1419.0,1397.0
2019-02-15,1418.0,1434.5,1437.0,1410.0
2019-02-16,1426.25,1433.5,1435.75,1421.25
2019-02-17,1434.5,1432.5,1434.5,1432.5
2019-02-18,1432.5,1458.5,1461.0,1431.5
2019-02-19,1460.0,1488.0,1493.5,1460.0
2019-02-20,1483.5,1487.5,1507.0,1480.0
2019-02-21,1487.5,1468.5,1499.5,1461.0
2019-02-22,1473.0,1497.5,1501.0,1470.0
2019-02-23,1485.25,1497.5,1500.0,1483.75
2019-02-24,1497.5,1497.5,1499.0,1497.5
2019-02-25,1502.5,1541.5,1544.0,1499.5
2019-02-26,1544.5,1565.5,1565.5,1531.0
2019-02-27,1564.5,1532.0,1567.0,1514.5
2019-02-28,1533.0,1544.5,1554.5,1524.5
2019-03-01,1545.5,1551.5,1564.0,1529.0
2019-03-02,1548.5,1550.5,1557.75,1539.25
2019-03-03,1551.5,1549.5,1551.5,1549.5
2019-03-04,1552.5,1535.5,1561.5,1515.5
2019-03-05,1533.0,1514.5,1537.0,1505.5
2019-03-06,1518.5,1535.0,1542.5,1507.0
2019-03-07,1537.0,1526.0,1552.5,1516.0
2019-03-08,1528.0,1517.5,1531.5,1501.5
2019-03-09,1522.75,1516.25,1524.5,1508.0
2019-03-10,1517.5,1515.0,1517.5,1514.5
2019-03-11,1514.0,1541.0,1541.5,1508.5
2019-03-12,1540.0,1541.5,1553.5,1533.5
2019-03-13,1540.5,1558.0,1560.0,1535.5
2019-03-14,1557.0,1558.0,1562.0,1546.0
2019-03-15,1558.5,1562.5,1569.0,1557.5
2019-03-16,1560.5,1562.0,1565.75,1558.0
2019-03-17,1562.5,1561.5,1562.5,1558.5
2019-03-18,1561.0,1583.0,1586.5,1547.0
2019-03-19,1582.5,1598.0,1606.5,1581.5
2019-03-20,1597.0,1604.0,1610.0,1594.0
2019-03-21,1605.0,1610.5,1621.5,1596.0
2019-03-22,1611.0,1566.5,1615.5,1557.5
2019-03-23,1588.75,1566.25,1593.5,1561.5
2019-03-24,1566.5,1566.0,1571.5,1565.5
2019-03-25,1565.5,1579.5,1581.5,1536.5
2019-03-26,1579.5,1544.5,1584.5,1535.5
2019-03-27,1545.0,1446.5,1552.5,1442.0
2019-03-28,1447.5,1360.0,1456.0,1339.5
2019-03-29,1360.5,1386.0,1398.5,1343.0
2019-03-30,1373.25,1381.5,1392.25,1360.0
2019-03-31,1386.0,1377.0,1386.0,1377.0
2019-04-01,1390.0,1422.5,1427.5,1370.5
2019-04-02,1423.5,1432.0,1440.5,1399.5
2019-04-03,1433.5,1407.5,1445.0,1383.5
2019-04-04,1409.0,1368.5,1415.5,1362.5
2019-04-05,1372.5,1372.5,1383.5,1328.0
2019-04-06,1372.5,1372.5,1378.0,1350.25
2019-04-07,1372.5,1372.5,1372.5,1372.5
2019-04-08,1374.5,1386.0,1392.0,1364.0
2019-04-09,1387.0,1390.5,1400.5,1369.5
2019-04-10,1391.5,1390.0,1398.5,1383.5
2019-04-11,1390.0,1368.0,1400.0,1352.5
2019-04-12,1367.0,1374.0,1382.0,1363.5
2019-04-13,1370.5,1374.0,1378.0,1368.75
2019-04-14,1374.0,1374.0,1374.0,1374.0
2019-04-15,1374.0,1364.0,1376.0,1361.5
2019-04-16,1364.5,1352.5,1375.5,1349.5
2019-04-17,1355.5,1404.0,1409.0,1352.0
2019-04-18,1404.0,1424.5,1424.5,1385.0
2019-04-19,1410.8333333333333,1423.8333333333333,1424.5,1397.5
2019-04-20,1417.6666666666667,1423.1666666666667,1424.5,1410.0
2019-04-21,1424.5,1422.5,1424.5,1422.5
2019-04-22,1423.0,1388.5,1430.0,1375.5
2019-04-23,1389.5,1392.5,1396.0,1369.5
2019-04-24,1390.5,1419.5,1424.0,1385.5
2019-04-25,1419.0,1417.0,1425.5,1413.0
2019-04-26,1419.5,1467.0,1467.0,1411.5
2019-04-27,1467.0,1467.0,1467.0,1467.0
2019-04-28,1467.0,1467.0,1467.0,1467.0
2019-04-29,1465.5,1373.0,1466.5,1365.0
2019-04-30,1379.0,1390.0,1398.0,1359.0
2019-05-01,1387.5,1355.0,1387.5,1314.0
2019-05-02,1356.5,1357.0,1364.5,1336.0
2019-05-03,1356.5,1373.5,1382.0,1345.0
2019-05-04,1365.0,1373.5,1377.75,1359.25
2019-05-05,1373.5,1373.5,1373.5,1373.5
2019-05-06,1359.0,1339.5,1370.5,1333.5
2019-05-07,1340.5,1330.0,1355.0,1318.5
2019-05-08,1330.0,1320.0,1340.5,1314.5
2019-05-09,1319.0,1296.0,1326.0,1267.5
2019-05-10,1295.5,1359.5,1361.0,1295.0
2019-05-11,1327.5,1359.5,1360.25,1327.25
2019-05-12,1359.5,1359.5,1359.5,1359.5
2019-05-13,1353.0,1323.5,1353.5,1320.0
2019-05-14,1325.0,1339.0,1344.5,1317.5
2019-05-15,1338.5,1345.5,1357.0,1307.5
2019-05-16,1344.5,1333.0,1348.0,1330.5
2019-05-17,1335.5,1312.5,1336.5,1312.0
2019-05-18,1324.0,1312.5,1324.5,1312.25
2019-05-19,1312.5,1312.5,1312.5,1312.5
2019-05-20,1316.5,1331.5,1340.5,1312.5
2019-05-21,1336.0,1322.5,1341.0,1320.0
2019-05-22,1324.5,1317.5,1325.5,1301.5
2019-05-23,1317.5,1313.0,1323.0,1310.0
2019-05-24,1314.0,1337.5,1340.5,1313.0
2019-05-25,1325.75,1337.5,1339.0,1325.25
2019-05-26,1337.5,1337.5,1337.5,1337.5
2019-05-27,1334.0,1338.0,1341.5,1326.0
2019-05-28,1337.5,1339.0,1351.5,1333.5
2019-05-29,1342.5,1352.0,1353.5,1331.5
2019-05-30,1352.5,1370.0,1380.0,1337.0
2019-05-31,1370.0,1327.5,1373.5,1322.5
2019-06-01,1348.75,1327.75,1350.75,1325.0
2019-06-02,1327.5,1328.0,1328.0,1327.5
2019-06-03,1328.0,1326.0,1349.0,1314.0
2019-06-04,1327.5,1349.0,1356.0,1316.0
2019-06-05,1349.0,1331.0,1350.0,1318.0
2019-06-06,1331.5,1353.0,1358.0,1330.5
2019-06-07,1352.5,1360.0,1376.0,1347.5
2019-06-08,1356.25,1360.0,1368.0,1353.75
2019-06-09,1360.0,1360.0,1360.0,1360.0
2019-06-10,1363.0,1384.5,1395.5,1349.0
2019-06-11,1384.0,1396.5,1403.0,1380.5
2019-06-12,1397.0,1408.5,1415.0,1390.0
2019-06-13,1412.5,1449.5,1449.5,1405.5
2019-06-14,1448.0,1467.5,1470.5,1444.5
2019-06-15,1457.75,1467.5,1469.0,1456.0
2019-06-16,1467.5,1467.5,1467.5,1467.5
2019-06-17,1469.5,1456.0,1470.0,1446.0
2019-06-18,1456.5,1482.5,1491.5,1456.0
2019-06-19,1486.0,1503.0,1504.5,1482.5
2019-06-20,1504.0,1480.5,1533.0,1475.0
2019-06-21,1483.5,1502.5,1516.0,1474.5
2019-06-22,1493.0,1502.5,1509.25,1488.5
2019-06-23,1502.5,1502.5,1502.5,1502.5
2019-06-24,1503.5,1537.5,1546.5,1503.5
2019-06-25,1538.5,1530.5,1550.5,1511.5
2019-06-26,1528.0,1524.5,1544.0,1522.5
2019-06-27,1523.5,1553.0,1553.0,1520.5
2019-06-28,1553.0,1540.5,1568.0,1522.0
2019-06-29,1546.75,1540.5,1554.25,1531.25
2019-06-30,1540.5,1540.5,1540.5,1540.5
2019-07-01,1535.0,1549.5,1560.0,1535.0
2019-07-02,1549.5,1560.5,1565.0,1546.0
2019-07-03,1564.5,1574.0,1575.0,1557.5
2019-07-04,1574.5,1564.0,1574.5,1555.0
2019-07-05,1562.5,1569.0,1578.0,1556.0
2019-07-06,1565.75,1569.0,1573.5,1562.5
2019-07-07,1569.0,1569.0,1569.0,1569.0
2019-07-08,1570.5,1564.0,1576.0,1559.5
2019-07-09,1563.0,1549.5,1563.0,1541.5
2019-07-10,1549.5,1591.0,1598.5,1544.5
2019-07-11,1592.5,1563.0,1607.0,1558.5
2019-07-12,1564.5,1548.0,1565.0,1535.0
2019-07-13,1556.25,1546.0,1556.5,1539.5
2019-07-14,1548.0,1544.0,1548.0,1544.0
2019-07-15,1549.0,1570.0,1575.0,1546.5
2019-07-16,1568.5,1528.0,1571.5,1511.0
2019-07-17,1529.5,1540.0,1549.5,1519.0
2019-07-18,1538.0,1528.0,1550.5,1509.0
2019-07-19,1531.0,1508.0,1537.0,1501.0
2019-07-20,1519.5,1508.0,1522.5,1504.5
2019-07-21,1508.0,1508.0,1508.0,1508.0
2019-07-22,1509.0,1531.0,1535.5,1500.5
2019-07-23,1530.5,1529.5,1533.0,1517.0
2019-07-24,1528.0,1542.5,1545.0,1523.0
2019-07-25,1545.5,1533.0,1549.5,1531.0
2019-07-26,1535.5,1538.0,1542.5,1527.0
2019-07-27,1536.75,1538.0,1540.25,1532.5
2019-07-28,1538.0,1538.0,1538.0,1538.0
2019-07-29,1537.5,1556.0,1560.0,1518.5
2019-07-30,1554.0,1515.5,1556.0,1509.0
2019-07-31,1515.5,1519.0,1540.0,1515.5
2019-08-01,1522.5,1427.0,1523.5,1412.5
2019-08-02,1431.0,1409.0,1445.5,1380.5
2019-08-03,1420.0,1408.5,1427.25,1394.25
2019-08-04,1409.0,1408.0,1409.0,1408.0
2019-08-05,1407.0,1421.5,1450.5,1396.0
2019-08-06,1420.0,1439.5,1448.5,1420.0
2019-08-07,1440.0,1417.5,1446.5,1397.5
2019-08-08,1416.5,1423.5,1436.0,1411.5
2019-08-09,1422.0,1424.0,1435.5,1419.5
2019-08-10,1423.0,1424.0,1429.75,1421.75
2019-08-11,1424.0,1424.0,1424.0,1424.0
2019-08-12,1423.5,1428.0,1441.5,1420.5
2019-08-13,1431.0,1457.5,1462.5,1420.0
2019-08-14,1453.0,1426.5,1455.5,1423.0
2019-08-15,1428.5,1447.0,1452.5,1424.0
2019-08-16,1450.5,1450.5,1457.0,1443.5
2019-08-17,1450.5,1450.75,1454.75,1446.25
2019-08-18,1450.5,1451.0,1452.5,1449.0
2019-08-19,1451.5,1482.5,1486.5,1451.5
2019-08-20,1479.5,1492.5,1497.5,1477.0
2019-08-21,1491.5,1473.0,1495.0,1467.0
2019-08-22,1468.0,1490.0,1495.5,1460.5
2019-08-23,1489.0,1463.5,1492.5,1457.5
2019-08-24,1476.25,1463.5,1478.0,1460.5
2019-08-25,1463.5,1463.5,1463.5,1463.5
2019-08-26,1462.5,1475.5,1484.0,1460.0
2019-08-27,1481.0,1485.5,1488.0,1478.5
2019-08-28,1479.25,1469.75,1481.75,1463.25
2019-08-29,1475.25,1475.75,1496.75,1471.5
2019-08-30,1474.75,1534.25,1546.75,1474.75
2019-08-31,1504.5,1534.25,1540.5,1504.5
2019-09-01,1534.25,1534.25,1534.25,1534.25
2019-09-02,1534.25,1533.75,1544.75,1520.75
2019-09-03,1533.75,1543.25,1545.75,1519.25
2019-09-04,1543.25,1556.25,1562.75,1538.25
2019-09-05,1557.25,1562.25,1568.75,1543.75
2019-09-06,1560.25,1539.25,1563.0,1523.25
2019-09-07,1549.75,1539.75,1551.625,1531.0
2019-09-08,1539.25,1540.25,1540.25,1538.75
2019-09-09,1536.5,1545.0,1565.0,1526.5
2019-09-10,1546.5,1562.5,1566.0,1539.5
2019-09-11,1562.5,1575.0,1591.5,1559.0
2019-09-12,1574.0,1619.5,1623.5,1572.5
2019-09-13,1620.5,1609.0,1620.5,1596.0
2019-09-14,1615.6666666666667,1608.1666666666667,1622.6666666666667,1594.0
2019-09-15,1610.8333333333333,1607.3333333333333,1624.8333333333333,1592.0
2019-09-16,1606.0,1606.5,1627.0,1590.0
2019-09-17,1610.0,1602.0,1616.0,1592.5
2019-09-18,1601.5,1593.0,1609.0,1575.0
2019-09-19,1591.5,1623.75,1630.25,1587.5
2019-09-20,1623.75,1644.0,1655.0,1622.25
2019-09-21,1633.875,1643.5,1649.5,1632.625
2019-09-22,1644.0,1643.0,1644.0,1643.0
2019-09-23,1647.0,1654.0,1667.0,1646.5
2019-09-24,1657.5,1674.0,1677.5,1653.5
2019-09-25,1675.5,1644.0,1678.5,1634.0
2019-09-26,1643.0,1669.0,1674.5,1643.0
2019-09-27,1670.5,1683.5,1692.5,1651.0
2019-09-28,1677.0,1683.5,1688.0,1667.25
2019-09-29,1683.5,1683.5,1683.5,1683.5
2019-09-30,1686.0,1675.5,1701.0,1659.5
2019-10-01,1678.0,1653.5,1684.0,1651.5
2019-10-02,1657.0,1690.0,1698.5,1640.5
2019-10-03,1690.0,1655.5,1693.0,1645.0
2019-10-04,1656.0,1668.0,1685.0,1654.0
2019-10-05,1662.0,1668.5,1677.0,1661.0
2019-10-06,1668.0,1669.0,1669.0,1668.0
2019-10-07,1667.5,1664.0,1671.5,1650.5
2019-10-08,1663.5,1677.0,1679.5,1633.0
2019-10-09,1675.5,1683.5,1692.5,1657.0
2019-10-10,1682.5,1700.5,1705.0,1675.5
2019-10-11,1700.5,1701.5,1706.5,1683.5
2019-10-12,1701.0,1701.5,1704.0,1692.5
2019-10-13,1701.5,1701.5,1701.5,1701.5
2019-10-14,1698.5,1716.5,1723.5,1687.5
2019-10-15,1715.0,1736.0,1739.5,1711.5
2019-10-16,1735.0,1768.5,1779.5,1732.0
2019-10-17,1770.5,1760.5,1785.0,1756.5
2019-10-18,1762.0,1757.0,1768.0,1745.5
2019-10-19,1759.5,1757.0,1762.5,1751.25
2019-10-20,1757.0,1757.0,1757.0,1757.0
2019-10-21,1757.0,1759.5,1776.0,1749.0
2019-10-22,1762.5,1757.0,1769.5,1752.5
2019-10-23,1756.0,1743.5,1764.5,1732.5
2019-10-24,1746.5,1779.0,1784.5,1742.0
2019-10-25,1778.0,1766.0,1788.5,1765.5
2019-10-26,1772.0,1767.0,1778.25,1765.25
2019-10-27,1766.0,1768.0,1768.0,1765.0
2019-10-28,1768.0,1798.5,1809.5,1766.5
2019-10-29,1799.0,1779.0,1804.0,1777.0
2019-10-30,1778.5,1816.5,1827.0,1778.5
2019-10-31,1817.5,1799.0,1825.0,1781.0
2019-11-01,1799.5,1808.0,1817.5,1787.0
2019-11-02,1803.75,1807.5,1812.75,1797.0
2019-11-03,1808.0,1807.0,1808.0,1807.0
2019-11-04,1813.0,1778.0,1822.0,1773.0
2019-11-05,1780.0,1779.5,1788.0,1761.5
2019-11-06,1778.5,1793.0,1804.5,1769.5
2019-11-07,1796.0,1801.0,1812.5,1789.0
2019-11-08,1801.5,1744.5,1804.0,1740.5
2019-11-09,1773.0,1744.5,1774.25,1742.5
2019-11-10,1744.5,1744.5,1744.5,1744.5
2019-11-11,1745.0,1692.5,1757.0,1681.0
2019-11-12,1688.5,1703.5,1715.0,1688.5
2019-11-13,1702.0,1708.0,1732.5,1696.5
2019-11-14,1712.0,1739.0,1742.0,1709.5
2019-11-15,1740.5,1710.0,1749.0,1703.0
2019-11-16,1725.25,1710.0,1729.5,1706.5
2019-11-17,1710.0,1710.0,1710.0,1710.0
2019-11-18,1709.5,1740.0,1745.0,1708.0
2019-11-19,1739.0,1764.5,1776.0,1719.0
2019-11-20,1764.5,1764.5,1779.0,1757.5
2019-11-21,1767.5,1765.0,1771.0,1757.5
2019-11-22,1765.0,1778.5,1778.5,1759.5
2019-11-23,1771.75,1779.0,1779.0,1769.0
2019-11-24,1778.5,1779.5,1779.5,1778.5
2019-11-25,1777.5,1796.0,1817.0,1777.5
2019-11-26,1800.0,1811.0,1820.0,1780.5
2019-11-27,1813.0,1833.0,1834.5,1800.5
2019-11-28,1833.5,1844.0,1844.5,1826.0
2019-11-29,1841.5,1842.5,1847.0,1825.5
2019-11-30,1842.0,1842.25,1844.75,1833.75
2019-12-01,1842.5,1842.0,1842.5,1842.0
2019-12-02,1840.5,1852.5,1863.0,1837.5
2019-12-03,1852.0,1856.0,1862.0,1843.0
2019-12-04,1855.5,1872.0,1876.0,1851.0
2019-12-05,1873.5,1874.5,1877.0,1853.5
2019-12-06,1874.0,1880.5,1882.0,1865.0
2019-12-07,1880.5,1880.5,1880.5,1880.5
2019-12-08,1880.5,1880.5,1880.5,1880.5
2019-12-09,1878.0,1883.5,1901.0,1874.0
2019-12-10,1884.0,1900.5,1906.0,1883.0
2019-12-11,1900.0,1912.5,1918.5,1896.0
2019-12-12,1914.5,1944.0,1946.0,1911.0
2019-12-13,1959.5,1931.0,1982.0,1914.0
2019-12-14,1945.25,1932.75,1958.25,1922.5
2019-12-15,1931.0,1934.5,1934.5,1931.0
2019-12-16,1940.0,1976.5,1995.0,1939.0
2019-12-17,1985.5,1951.5,2000.5,1932.0
2019-12-18,1947.0,1922.5,1953.5,1920.0
2019-12-19,1922.5,1937.5,1942.0,1918.5
2019-12-20,1938.0,1856.5,1948.5,1831.5
2019-12-21,1897.25,1855.75,1902.5,1843.25
2019-12-22,1856.5,1855.0,1856.5,1855.0
2019-12-23,1851.0,1879.0,1888.0,1820.5
2019-12-24,1876.0,1885.5,1896.0,1864.0
2019-12-25,1888.5,1888.5,1888.5,1888.5
2019-12-26,1887.5,1903.5,1906.0,1882.5
2019-12-27,1902.5,1906.5,1914.0,1898.0
2019-12-28,1904.5,1909.0,1912.75,1902.25
2019-12-29,1906.5,1911.5,1911.5,1906.5
2019-12-30,1909.0,1911.0,1916.0,1903.5
2019-12-31,1908.5,1942.0,1944.5,1907.5
2020-01-01,1943.0,1943.0,1943.0,1943.0
2020-01-02,1945.0,1963.0,1965.5,1939.5
2020-01-03,1960.0,1984.5,1989.0,1958.5
2020-01-04,1972.25,1984.75,1987.0,1971.5
2020-01-05,1984.5,1985.0,1985.0,1984.5
2020-01-06,2002.0,2034.0,2034.0,2001.0
2020-01-07,2034.0,2054.0,2057.0,2018.5
2020-01-08,2058.5,2108.0,2109.5,2027.5
2020-01-09,2108.0,2107.5,2151.5,2060.0
2020-01-10,2120.0,2121.0,2130.5,2098.0
2020-01-11,2120.5,2120.75,2125.75,2109.25
2020-01-12,2121.0,2120.5,2121.0,2120.5
2020-01-13,2112.5,2132.5,2148.5,2110.5
2020-01-14,2134.0,2191.5,2196.0,2125.0
2020-01-15,2196.5,2262.0,2267.5,2191.0
2020-01-16,2266.0,2312.0,2387.0,2260.5
2020-01-17,2312.0,2483.0,2530.0,2307.5
2020-01-18,2397.5,2477.0,2506.5,2389.25
2020-01-19,2483.0,2471.0,2483.0,2471.0
2020-01-20,2489.5,2502.0,2580.5,2475.5
2020-01-21,2502.5,2406.5,2521.0,2378.0
2020-01-22,2402.0,2480.5,2485.0,2384.0
2020-01-23,2476.0,2463.5,2542.0,2391.0
2020-01-24,2464.5,2427.5,2491.0,2385.0
2020-01-25,2446.0,2427.5,2459.25,2406.25
2020-01-26,2427.5,2427.5,2427.5,2427.5
2020-01-27,2411.5,2264.5,2414.0,2260.0
2020-01-28,2273.5,2283.0,2336.5,2252.5
2020-01-29,2277.5,2296.5,2332.5,2263.0
2020-01-30,2309.0,2309.0,2321.0,2257.5
2020-01-31,2310.5,2292.5,2327.0,2286.0
2020-02-01,2301.5,2292.5,2309.75,2289.25
2020-02-02,2292.5,2292.5,2292.5,2292.5
2020-02-03,2285.0,2322.0,2328.0,2268.5
2020-02-04,2321.0,2439.0,2440.5,2314.0
2020-02-05,2437.5,2429.5,2498.5,2417.0
2020-02-06,2433.0,2339.0,2461.0,2326.5
2020-02-07,2343.0,2319.0,2356.0,2286.5
2020-02-08,2331.0,2319.0,2337.5,2302.75
2020-02-09,2319.0,2319.0,2319.0,2319.0
2020-02-10,2320.0,2358.5,2378.0,2319.0
2020-02-11,2356.0,2349.5,2366.5,2308.0
2020-02-12,2351.5,2407.5,2408.5,2321.5
2020-02-13,2408.0,2431.0,2441.0,2385.0
2020-02-14,2424.5,2432.5,2460.5,2409.0
2020-02-15,2428.5,2432.5,2446.5,2420.75
2020-02-16,2432.5,2432.5,2432.5,2432.5
2020-02-17,2437.0,2521.5,2526.0,2429.0
2020-02-18,2520.0,2631.5,2639.0,2510.0
2020-02-19,2636.0,2715.0,2844.5,2629.0
2020-02-20,2718.0,2684.0,2772.0,2643.0
2020-02-21,2687.5,2714.0,2727.0,2677.5
2020-02-22,2700.75,2714.0,2720.5,2695.75
2020-02-23,2714.0,2714.0,2714.0,2714.0
2020-02-24,2720.0,2645.5,2732.5,2595.0
2020-02-25,2641.0,2711.5,2732.5,2640.5
2020-02-26,2712.5,2785.5,2798.5,2698.0
2020-02-27,2783.5,2856.5,2878.0,2732.5
2020-02-28,2864.5,2607.5,2872.5,2486.0
2020-02-29,2736.0,2607.5,2740.0,2546.75
2020-03-01,2607.5,2607.5,2607.5,2607.5
2020-03-02,2564.5,2539.0,2679.0,2510.0
2020-03-03,2549.5,2508.0,2580.0,2478.5
2020-03-04,2506.0,2569.5,2585.5,2438.5
2020-03-05,2570.0,2539.5,2571.5,2461.5
2020-03-06,2541.0,2570.0,2626.5,2453.5
2020-03-07,2555.5,2539.25,2600.75,2481.0
2020-03-08,2570.0,2508.5,2575.0,2508.5
2020-03-09,2500.5,2503.0,2518.5,2373.0
2020-03-10,2493.5,2428.0,2535.5,2403.5
2020-03-11,2427.0,2306.5,2427.0,2301.5
2020-03-12,2311.0,1882.5,2313.5,1666.0
2020-03-13,1878.5,1820.0,2049.5,1612.0
2020-03-14,1849.25,1782.5,1934.75,1669.0
2020-03-15,1820.0,1745.0,1820.0,1726.0
2020-03-16,1739.5,1618.0,1872.5,1490.5
2020-03-17,1618.5,1646.5,1813.5,1528.0
2020-03-18,1631.0,1598.0,1697.5,1555.5
2020-03-19,1598.5,1662.5,1709.0,1510.5
2020-03-20,1651.5,1642.5,1741.0,1583.5
2020-03-21,1647.0,1627.25,1714.0,1597.5
2020-03-22,1642.5,1612.0,1687.0,1611.5
2020-03-23,1607.0,1737.0,1737.5,1606.0
2020-03-24,1736.0,1958.0,1974.0,1735.5
2020-03-25,1944.0,2347.0,2424.5,1932.0
2020-03-26,2343.5,2338.0,2415.0,2221.5
2020-03-27,2318.0,2272.5,2395.5,2249.0
2020-03-28,2295.25,2272.5,2334.0,2260.75
2020-03-29,2272.5,2272.5,2272.5,2272.5
2020-03-30,2304.0,2330.0,2343.5,2232.5
2020-03-31,2313.5,2349.5,2446.0,2290.5
2020-04-01,2307.5,2219.0,2371.0,2203.0
2020-04-02,2233.5,2220.0,2308.0,2122.0
2020-04-03,2208.0,2191.0,2264.0,2133.5
2020-04-04,2199.5,2191.0,2227.5,2162.25
2020-04-05,2191.0,2191.0,2191.0,2191.0
2020-04-06,2195.5,2165.0,2214.5,2102.0
2020-04-07,2182.0,2170.0,2277.0,2124.0
2020-04-08,2176.0,2164.0,2206.5,2149.5
2020-04-09,2150.5,2163.5,2190.5,2150.5
2020-04-10,2154.8333333333335,2163.5,2181.5,2154.8333333333335
2020-04-11,2159.1666666666665,2163.5,2172.5,2159.1666666666665
2020-04-12,2163.5,2163.5,2163.5,2163.5
2020-04-13,2118.0,2192.0,2287.5,2118.0
2020-04-14,2191.5,2234.0,2293.0,2182.5
2020-04-15,2223.5,2172.0,2237.0,2137.0
2020-04-16,2163.0,2175.0,2230.5,2142.5
2020-04-17,2171.5,2169.0,2200.5,2159.5
2020-04-18,2170.25,2169.0,2184.75,2164.25
2020-04-19,2169.0,2169.0,2169.0,2169.0
2020-04-20,2168.0,2172.5,2215.5,2159.0
2020-04-21,2173.5,1927.5,2185.5,1840.0
2020-04-22,1934.0,1943.5,1987.0,1934.0
2020-04-23,1952.5,1986.5,2090.5,1941.5
2020-04-24,1984.0,2027.5,2050.5,1972.5
2020-04-25,2005.75,2027.5,2039.0,2000.0
2020-04-26,2027.5,2027.5,2027.5,2027.5
2020-04-27,2031.0,1932.5,2054.0,1910.5
2020-04-28,1941.0,1925.5,1964.5,1892.5
2020-04-29,1925.5,1948.0,1996.0,1918.5
2020-04-30,1948.0,1969.0,2076.0,1946.0
2020-05-01,1982.5,1902.0,1983.0,1892.5
2020-05-02,1942.25,1902.0,1942.5,1897.25
2020-05-03,1902.0,1902.0,1902.0,1902.0
2020-05-04,1905.5,1854.5,1923.0,1842.5
2020-05-05,1854.5,1806.0,1869.5,1763.5
2020-05-06,1804.0,1801.0,1821.5,1773.5
2020-05-07,1794.5,1879.5,1884.0,1794.5
2020-05-08,1911.0,1884.5,1924.5,1843.5
2020-05-09,1884.5,1884.5,1884.5,1884.5
2020-05-10,1884.5,1884.5,1884.5,1884.5
2020-05-11,1890.0,1897.5,1946.5,1846.5
2020-05-12,1922.0,1866.0,1924.0,1855.0
2020-05-13,1869.0,1820.5,1878.5,1767.0
2020-05-14,1817.5,1840.0,1848.5,1778.0
2020-05-15,1845.5,1903.5,1912.0,1818.0
2020-05-16,1874.5,1903.5,1907.75,1860.75
2020-05-17,1903.5,1903.5,1903.5,1903.5
2020-05-18,1906.0,2010.5,2085.0,1901.5
2020-05-19,2013.5,2034.0,2105.5,1966.5
2020-05-20,2034.5,2101.0,2115.5,2022.0
2020-05-21,2085.5,2035.5,2093.0,1999.0
2020-05-22,2036.0,1952.0,2050.5,1909.5
2020-05-23,1994.0,1952.0,2001.25,1930.75
2020-05-24,1952.0,1952.0,1952.0,1952.0
2020-05-25,1954.0,1994.5,2000.0,1942.0
2020-05-26,1988.0,1962.5,2038.5,1948.0
2020-05-27,1964.5,1976.5,1988.0,1893.0
2020-05-28,1980.5,1917.5,1990.5,1874.0
2020-05-29,1919.0,1951.5,1972.5,1907.0
2020-05-30,1951.5,1951.5,1951.5,1951.5
2020-05-31,1950.5,1961.75,1966.25,1938.0
2020-06-01,1949.5,1972.0,1981.0,1924.5
2020-06-02,1972.0,1967.0,2001.0,1946.0
2020-06-03,1966.5,1952.0,1994.0,1951.5
2020-06-04,1947.5,1937.5,1957.5,1838.5
2020-06-05,1945.5,1956.0,1995.0,1923.0
2020-06-06,1956.0,1956.0,1956.0,1956.0
2020-06-07,1956.0,1956.0,1956.0,1956.0
2020-06-08,1960.5,2022.0,2042.5,1915.0
2020-06-09,2027.0,1951.0,2039.5,1923.0
2020-06-10,1951.0,1952.5,1982.5,1907.5
2020-06-11,1951.5,1917.0,1956.0,1892.0
2020-06-12,1915.5,1932.0,1962.5,1907.5
2020-06-13,1932.0,1932.0,1932.0,1932.0
2020-06-14,1932.0,1934.5,1934.5,1932.0
2020-06-15,1927.5,1938.5,1952.5,1892.0
2020-06-16,1941.5,1937.5,1974.0,1923.0
2020-06-17,1935.0,1928.0,1944.0,1901.0
2020-06-18,1925.5,1906.5,1955.0,1889.0
2020-06-19,1910.5,1918.5,1923.5,1887.5
2020-06-20,1918.5,1918.5,1918.5,1918.5
2020-06-21,1918.5,1918.5,1918.5,1918.5
2020-06-22,1924.0,1945.5,1967.5,1899.0
2020-06-23,1944.5,1929.0,1955.0,1919.5
2020-06-24,1935.5,1870.0,1957.5,1858.0
2020-06-25,1872.5,1845.0,1889.5,1832.5
2020-06-26,1846.0,1884.0,1891.5,1840.0
2020-06-27,1884.0,1884.0,1884.0,1884.0
2020-06-28,1883.5,1895.5,1905.0,1877.75
2020-06-29,1883.0,1907.0,1926.0,1871.5
2020-06-30,1907.5,1945.0,1959.0,1894.0
2020-07-01,1944.0,1918.5,1944.0,1907.0
2020-07-02,1920.5,1910.0,1929.0,1899.5
2020-07-03,1910.0,1926.0,1939.5,1894.5
2020-07-04,1918.0,1924.5,1932.75,1908.75
2020-07-05,1926.0,1923.0,1926.0,1923.0
2020-07-06,1921.5,1942.0,1954.0,1914.0
2020-07-07,1943.5,1930.0,1948.5,1912.5
2020-07-08,1933.0,1926.0,1961.0,1909.0
2020-07-09,1928.0,1949.5,2003.5,1926.0
2020-07-10,1954.0,1977.0,1978.0,1934.0
2020-07-11,1977.0,1977.0,1977.0,1977.0
2020-07-12,1977.0,1978.0,1978.0,1977.0
2020-07-13,1976.5,1978.0,2065.5,1966.0
2020-07-14,1977.5,1968.0,1990.5,1933.5
2020-07-15,1970.5,1984.5,1993.5,1954.5
2020-07-16,1985.5,1995.0,2035.0,1969.0
2020-07-17,1996.0,2024.0,2048.0,1978.5
2020-07-18,2024.0,2024.0,2024.0,2024.0
2020-07-19,2024.0,2024.0,2024.0,2024.0
2020-07-20,2028.0,2054.0,2080.5,2017.5
2020-07-21,2049.5,2145.0,2182.5,2049.0
2020-07-22,2152.0,2157.5,2188.5,2108.0
2020-07-23,2150.0,2145.5,2171.0,2115.0
2020-07-24,2145.5,2211.0,2228.0,2123.5
2020-07-25,2211.0,2211.0,2211.0,2211.0
2020-07-26,2211.0,2211.0,2211.0,2211.0
2020-07-27,2213.5,2296.5,2330.5,2210.5
2020-07-28,2302.0,2287.0,2337.0,2233.0
2020-07-29,2288.5,2166.0,2289.0,2087.0
2020-07-30,2167.0,2091.5,2167.0,2030.5
2020-07-31,2080.5,2094.5,2152.0,2061.5
2020-08-01,2094.5,2094.5,2094.5,2094.5
2020-08-02,2094.5,2094.5,2094.5,2094.5
2020-08-03,2094.5,2095.5,2124.0,2064.5
2020-08-04,2096.5,2142.5,2153.5,2079.0
2020-08-05,2147.5,2190.5,2196.5,2116.5
2020-08-06,2189.0,2233.5,2266.5,2179.0
2020-08-07,2236.5,2174.0,2246.5,2124.0
2020-08-08,2174.0,2174.0,2174.0,2174.0
2020-08-09,2174.0,2174.0,2174.0,2174.0
2020-08-10,2179.5,2246.0,2324.5,2171.5
2020-08-11,2242.5,2099.5,2259.0,2083.0
2020-08-12,2096.5,2150.5,2186.5,2078.5
2020-08-13,2156.5,2191.0,2211.0,2128.0
2020-08-14,2182.0,2117.5,2184.5,2111.5
2020-08-15,2117.5,2117.5,2117.5,2117.5
2020-08-16,2117.5,2117.5,2117.5,2117.5
2020-08-17,2121.0,2205.5,2220.5,2120.5
2020-08-18,2201.0,2198.0,2232.0,2127.5
2020-08-19,2192.5,2159.0,2200.5,2159.0
2020-08-20,2165.5,2186.0,2198.0,2146.0
2020-08-21,2185.0,2186.0,2218.0,2172.5
2020-08-22,2185.5,2186.0,2202.0,2179.25
2020-08-23,2186.0,2186.0,2186.0,2186.0
2020-08-24,2183.0,2159.0,2197.5,2151.5
2020-08-25,2164.0,2174.0,2193.0,2131.0
2020-08-26,2177.0,2196.5,2203.5,2145.0
2020-08-27,2195.0,2175.0,2217.0,2147.5
2020-08-28,2171.5,2207.5,2224.5,2162.0
2020-08-29,2207.5,2207.5,2207.5,2207.5
2020-08-30,2207.5,2207.5,2207.5,2207.5
2020-08-31,2209.0,2251.5,2289.5,2208.0
2020-09-01,2250.0,2283.0,2313.0,2244.5
2020-09-02,2279.5,2249.5,2281.5,2239.5
2020-09-03,2250.5,2301.0,2385.5,2244.5
2020-09-04,2304.5,2304.0,2336.0,2275.5
2020-09-05,2304.25,2304.0,2320.0,2289.75
2020-09-06,2304.0,2304.0,2304.0,2304.0
2020-09-07,2303.5,2304.5,2326.5,2296.5
2020-09-08,2305.0,2284.0,2318.0,2241.0
2020-09-09,2279.5,2305.5,2309.0,2253.0
2020-09-10,2304.5,2303.5,2338.5,2272.5
2020-09-11,2303.5,2330.0,2348.0,2285.5
2020-09-12,2330.0,2330.0,2330.0,2330.0
2020-09-13,2327.75,2320.5,2341.25,2320.5
2020-09-14,2325.5,2311.0,2352.5,2311.0
2020-09-15,2308.5,2409.5,2431.5,2308.5
2020-09-16,2418.0,2406.5,2428.0,2372.0
2020-09-17,2407.0,2338.5,2409.5,2306.5
2020-09-18,2338.5,2370.0,2377.0,2317.5
2020-09-19,2354.25,2370.0,2373.5,2343.75
2020-09-20,2370.0,2370.0,2370.0,2370.0
2020-09-21,2366.5,2282.0,2402.5,2250.0
2020-09-22,2288.5,2228.0,2309.0,2222.5
2020-09-23,2200.0,2233.0,2292.5,2185.0
2020-09-24,2234.0,2235.5,2247.0,2190.5
2020-09-25,2236.0,2218.5,2240.0,2193.5
2020-09-26,2227.25,2218.5,2229.25,2206.0
2020-09-27,2218.5,2218.5,2218.5,2218.5
2020-09-28,2230.0,2265.5,2282.0,2212.0
2020-09-29,2267.0,2319.5,2329.0,2253.5
2020-09-30,2317.5,2307.5,2352.5,2300.5
2020-10-01,2312.5,2326.0,2344.0,2311.5
2020-10-02,2323.5,2305.0,2334.0,2296.0
2020-10-03,2314.25,2305.0,2319.5,2300.5
2020-10-04,2305.0,2305.0,2305.0,2305.0
2020-10-05,2311.0,2372.0,2375.0,2297.0
2020-10-06,2367.5,2359.5,2388.5,2338.5
2020-10-07,2357.5,2361.0,2381.5,2348.0
2020-10-08,2356.0,2380.5,2416.0,2354.0
2020-10-09,2383.5,2442.0,2474.5,2381.5
2020-10-10,2412.75,2442.0,2458.25,2411.75
2020-10-11,2442.0,2442.0,2442.0,2442.0
2020-10-12,2445.0,2409.0,2462.5,2396.5
2020-10-13,2408.5,2322.0,2427.5,2308.5
2020-10-14,2319.0,2349.5,2372.0,2315.5
2020-10-15,2353.5,2359.0,2364.0,2325.5
2020-10-16,2360.5,2333.0,2364.0,2324.0
2020-10-17,2346.75,2333.0,2348.5,2328.5
2020-10-18,2333.0,2333.0,2333.0,2333.0
2020-10-19,2332.0,2347.0,2355.5,2332.0
2020-10-20,2348.0,2409.0,2417.0,2343.5
2020-10-21,2410.0,2414.0,2419.0,2395.5
2020-10-22,2410.5,2382.0,2417.0,2355.0
2020-10-23,2385.5,2395.5,2401.5,2368.5
2020-10-24,2390.5,2387.25,2398.5,2372.0
2020-10-25,2395.5,2379.0,2395.5,2375.5
2020-10-26,2375.5,2365.5,2390.5,2357.0
2020-10-27,2364.0,2335.0,2385.0,2321.5
2020-10-28,2334.0,2247.0,2359.5,2216.0
2020-10-29,2246.0,2203.0,2282.5,2188.0
2020-10-30,2208.0,2214.5,2248.5,2187.0
2020-10-31,2214.5,2214.5,2214.5,2214.5
2020-11-01,2214.5,2214.5,2214.5,2214.5
2020-11-02,2222.5,2221.0,2269.5,2197.0
2020-11-03,2223.0,2298.5,2303.5,2223.0
2020-11-04,2294.5,2294.5,2322.0,2235.5
2020-11-05,2292.5,2378.5,2431.5,2281.5
2020-11-06,2374.0,2495.0,2507.0,2370.0
2020-11-07,2434.5,2495.0,2501.0,2432.5
2020-11-08,2495.0,2495.0,2495.0,2495.0
2020-11-09,2495.5,2488.0,2516.5,2433.0
2020-11-10,2489.0,2463.5,2497.0,2453.0
2020-11-11,2463.0,2317.5,2472.5,2306.5
2020-11-12,2318.0,2341.5,2367.0,2314.5
2020-11-13,2341.5,2328.5,2356.5,2317.5
2020-11-14,2335.0,2328.5,2342.5,2323.0
2020-11-15,2328.5,2328.5,2328.5,2328.5
2020-11-16,2330.0,2332.0,2359.5,2305.5
2020-11-17,2333.0,2318.5,2346.5,2311.0
2020-11-18,2320.0,2338.0,2380.0,2316.0
2020-11-19,2338.0,2325.5,2345.0,2278.5
2020-11-20,2322.0,2329.5,2343.5,2317.0
2020-11-21,2329.5,2329.5,2329.5,2329.5
2020-11-22,2329.5,2342.0,2346.25,2327.5
2020-11-23,2329.5,2354.5,2363.0,2325.5
2020-11-24,2352.5,2353.5,2364.5,2325.5
2020-11-25,2349.5,2342.0,2355.0,2328.0
2020-11-26,2340.0,2396.5,2398.5,2339.5
2020-11-27,2393.5,2427.5,2431.5,2348.0
2020-11-28,2427.5,2427.5,2427.5,2427.5
2020-11-29,2429.75,2401.75,2429.75,2396.25
2020-11-30,2432.0,2376.0,2432.0,2365.0
2020-12-01,2377.0,2417.5,2436.0,2373.0
2020-12-02,2414.5,2409.5,2432.0,2387.0
2020-12-03,2408.5,2318.0,2422.5,2244.0
2020-12-04,2315.5,2352.0,2389.0,2315.5
2020-12-05,2333.75,2352.0,2370.5,2333.75
2020-12-06,2352.0,2352.0,2352.0,2352.0
2020-12-07,2380.0,2340.0,2383.0,2321.0
2020-12-08,2351.5,2324.0,2355.5,2301.5
2020-12-09,2322.5,2273.5,2328.0,2265.0
2020-12-10,2269.5,2344.0,2379.5,2268.5
2020-12-11,2345.5,2322.0,2368.0,2319.0
2020-12-12,2333.75,2322.5,2345.5,2320.5
2020-12-13,2322.0,2323.0,2323.0,2322.0
2020-12-14,2334.5,2309.0,2338.5,2302.0
2020-12-15,2307.0,2321.0,2365.5,2304.0
2020-12-16,2321.5,2337.0,2351.0,2315.0
2020-12-17,2336.5,2344.5,2362.5,2327.0
2020-12-18,2341.0,2364.5,2393.0,2331.5
2020-12-19,2352.75,2364.5,2378.75,2348.0
2020-12-20,2364.5,2364.5,2364.5,2364.5
2020-12-21,2362.5,2319.0,2401.0,2302.0
2020-12-22,2323.0,2318.5,2357.5,2311.0
2020-12-23,2321.5,2337.5,2348.0,2318.0
2020-12-24,2334.5,2348.0,2354.0,2322.0
2020-12-25,2339.0,2348.0,2352.0,2330.6666666666665
2020-12-26,2343.5,2348.0,2350.0,2339.3333333333335
2020-12-27,2348.0,2348.0,2348.0,2348.0
2020-12-28,2349.5,2346.5,2475.0,2342.0
2020-12-29,2354.5,2346.0,2376.5,2326.5
2020-12-30,2343.0,2369.5,2385.5,2339.0
2020-12-31,2371.0,2451.0,2460.0,2367.5
2021-01-01,2399.5,2456.3333333333335,2462.3333333333335,2397.1666666666665
2021-01-02,2428.0,2461.6666666666665,2464.6666666666665,2426.8333333333335
2021-01-03,2456.5,2467.0,2467.0,2456.5
2021-01-04,2466.5,2382.0,2489.5,2364.0
2021-01-05,2381.5,2465.5,2510.5,2373.5
2021-01-06,2470.0,2447.5,2492.5,2399.5
2021-01-07,2449.0,2425.5,2462.5,2405.0
2021-01-08,2422.5,2376.0,2446.5,2344.0
2021-01-09,2399.25,2376.0,2411.25,2360.0
2021-01-10,2376.0,2376.0,2376.0,2376.0
2021-01-11,2374.5,2372.5,2400.5,2347.5
2021-01-12,2382.5,2403.5,2404.0,2369.5
2021-01-13,2401.0,2394.5,2408.0,2376.5
2021-01-14,2395.0,2417.5,2427.0,2377.0
2021-01-15,2413.0,2393.0,2464.5,2380.5
2021-01-16,2393.0,2393.0,2393.0,2393.0
2021-01-17,2393.0,2391.5,2393.0,2391.5
2021-01-18,2398.0,2378.5,2407.5,2365.5
2021-01-19,2374.5,2362.0,2391.5,2354.0
2021-01-20,2362.0,2378.0,2403.5,2347.0
2021-01-21,2379.0,2374.0,2413.5,2367.5
2021-01-22,2371.5,2363.0,2379.5,2352.0
2021-01-23,2363.0,2363.0,2363.0,2363.0
2021-01-24,2363.0,2363.0,2363.0,2363.0
2021-01-25,2367.0,2340.0,2382.5,2327.5
2021-01-26,2338.5,2325.5,2348.5,2315.0
2021-01-27,2328.5,2308.0,2331.0,2306.0
2021-01-28,2310.5,2340.0,2357.0,2286.5
2021-01-29,2342.5,2232.0,2367.0,2202.5
2021-01-30,2232.0,2232.0,2232.0,2232.0
2021-01-31,2232.0,2232.0,2232.0,2232.0
2021-02-01,2225.5,2254.0,2288.0,2225.5
2021-02-02,2252.5,2240.0,2281.0,2224.0
2021-02-03,2245.0,2282.5,2291.0,2237.5
2021-02-04,2283.5,2292.0,2303.5,2251.5
2021-02-05,2296.0,2352.0,2356.5,2293.5
2021-02-06,2324.0,2352.0,2354.25,2322.75
2021-02-07,2352.0,2352.0,2352.0,2352.0
2021-02-08,2354.0,2343.0,2367.0,2333.0
2021-02-09,2341.5,2328.0,2359.5,2313.0
2021-02-10,2328.5,2370.5,2394.0,2323.5
2021-02-11,2368.0,2353.5,2379.5,2348.0
2021-02-12,2355.5,2393.0,2395.0,2347.5
2021-02-13,2393.0,2393.0,2393.0,2393.0
2021-02-14,2393.0,2396.0,2396.0,2393.0
2021-02-15,2393.5,2396.5,2418.0,2381.5
2021-02-16,2393.5,2397.5,2424.5,2365.5
2021-02-17,2399.5,2379.0,2399.5,2367.0
2021-02-18,2379.0,2358.5,2400.5,2341.0
2021-02-19,2363.0,2387.0,2388.0,2334.0
2021-02-20,2375.0,2387.0,2387.5,2360.5
2021-02-21,2387.0,2387.0,2387.0,2387.0
2021-02-22,2416.0,2405.5,2434.0,2378.5
2021-02-23,2402.0,2353.0,2411.5,2305.0
2021-02-24,2356.5,2442.5,2445.5,2336.5
2021-02-25,2438.5,2408.0,2492.0,2408.0
2021-02-26,2406.0,2321.0,2441.5,2310.0
2021-02-27,2363.5,2321.0,2381.25,2315.5
2021-02-28,2321.0,2321.0,2321.0,2321.0
2021-03-01,2334.5,2358.5,2394.0,2334.5
2021-03-02,2361.0,2375.0,2389.5,2345.0
2021-03-03,2376.5,2359.0,2390.5,2344.0
2021-03-04,2358.5,2346.0,2388.5,2340.5
2021-03-05,2344.0,2341.0,2377.0,2332.5
2021-03-06,2342.5,2340.5,2360.25,2336.25
2021-03-07,2341.0,2340.0,2343.5,2340.0
2021-03-08,2346.5,2322.0,2367.5,2321.0
2021-03-09,2327.0,2305.0,2331.5,2277.0
2021-03-10,2302.0,2319.0,2319.0,2289.5
2021-03-11,2319.0,2355.5,2378.0,2304.0
2021-03-12,2351.5,2376.0,2381.0,2329.5
2021-03-13,2376.0,2376.0,2376.0,2376.0
2021-03-14,2376.0,2372.0,2390.0,2370.5
2021-03-15,2371.0,2392.0,2408.0,2349.5
2021-03-16,2393.0,2498.5,2524.0,2385.5
2021-03-17,2497.0,2594.5,2602.5,2460.0
2021-03-18,2596.0,2684.5,2757.5,2586.5
2021-03-19,2675.5,2638.5,2694.0,2603.5
2021-03-20,2638.5,2638.5,2638.5,2638.5
2021-03-21,2638.5,2620.5,2638.5,2619.0
2021-03-22,2620.0,2629.0,2660.0,2562.0
2021-03-23,2629.5,2608.5,2654.5,2577.5
2021-03-24,2609.0,2640.5,2649.0,2603.5
2021-03-25,2641.0,2625.5,2651.5,2607.0
2021-03-26,2625.0,2677.5,2683.5,2616.0
2021-03-27,2651.25,2680.5,2683.5,2646.75
2021-03-28,2677.5,2683.5,2683.5,2677.5
2021-03-29,2680.0,2538.5,2683.0,2520.5
2021-03-30,2535.0,2592.0,2612.0,2528.0
2021-03-31,2588.5,2625.0,2636.0,2588.5
2021-04-01,2624.5,2669.5,2674.5,2617.0
2021-04-02,2639.5,2669.5,2672.8333333333335,2634.5
2021-04-03,2654.5,2669.5,2671.1666666666665,2652.0
2021-04-04,2669.5,2669.5,2669.5,2669.5
2021-04-05,2670.0,2665.0,2677.0,2625.5
2021-04-06,2667.0,2687.0,2702.0,2652.5
2021-04-07,2684.0,2625.5,2688.5,2594.5
2021-04-08,2623.5,2631.0,2651.0,2613.0
2021-04-09,2626.5,2641.0,2648.5,2619.5
2021-04-10,2641.0,2641.0,2641.0,2641.0
2021-04-11,2641.0,2641.0,2641.0,2641.0
2021-04-12,2638.0,2679.5,2686.0,2619.5
2021-04-13,2682.5,2697.5,2712.0,2676.5
2021-04-14,2701.5,2681.0,2705.0,2673.5
2021-04-15,2682.0,2742.5,2759.5,2682.0
2021-04-16,2747.0,2780.0,2788.0,2735.0
2021-04-17,2780.0,2780.0,2780.0,2780.0
2021-04-18,2786.0,2786.0,2786.0,2786.0
2021-04-19,2775.5,2816.0,2848.0,2764.5
2021-04-20,2807.0,2764.5,2819.5,2729.5
2021-04-21,2757.5,2877.5,2899.5,2757.5
2021-04-22,2877.0,2842.5,2892.5,2817.0
2021-04-23,2833.5,2859.0,2929.0,2833.5
2021-04-24,2846.25,2859.0,2894.0,2846.25
2021-04-25,2859.0,2859.0,2859.0,2859.0
2021-04-26,2859.0,2932.0,2947.5,2847.5
2021-04-27,2921.0,2945.0,2965.0,2893.0
2021-04-28,2947.0,2933.5,2950.0,2899.0
2021-04-29,2939.5,2955.0,2977.0,2921.5
2021-04-30,2957.0,2937.0,3010.5,2934.0
2021-05-01,2937.0,2937.0,2937.0,2937.0
2021-05-02,2937.0,2937.0,2937.0,2937.0
2021-05-03,2941.0,2977.5,2997.5,2941.0
2021-05-04,2976.5,2986.5,3019.5,2965.5
2021-05-05,2989.5,2975.5,3011.0,2958.5
2021-05-06,2976.5,2951.0,2992.5,2912.0
2021-05-07,2949.0,2927.5,2967.0,2835.5
2021-05-08,2927.5,2927.5,2927.5,2927.5
2021-05-09,2927.5,2927.5,2927.5,2927.5
2021-05-10,2928.0,2964.0,3001.5,2926.5
2021-05-11,2961.5,2940.0,2986.5,2916.5
2021-05-12,2942.0,2859.0,2960.0,2854.0
2021-05-13,2862.0,2866.0,2907.0,2806.5
2021-05-14,2869.0,2895.0,2928.0,2865.5
2021-05-15,2882.0,2895.0,2911.5,2880.25
2021-05-16,2895.0,2895.0,2895.0,2895.0
2021-05-17,2893.5,2905.5,2913.0,2884.5
2021-05-18,2905.0,2906.0,2944.0,2897.0
2021-05-19,2908.0,2870.0,2915.0,2849.5
2021-05-20,2871.5,2856.5,2899.5,2851.5
2021-05-21,2858.0,2778.5,2879.0,2767.5
2021-05-22,2818.25,2778.5,2828.75,2773.0
2021-05-23,2778.5,2778.5,2778.5,2778.5
2021-05-24,2772.0,2729.0,2817.0,2722.5
2021-05-25,2733.0,2773.0,2792.0,2732.5
2021-05-26,2776.5,2748.5,2809.0,2739.5
2021-05-27,2745.0,2809.0,2837.5,2739.0
2021-05-28,2810.5,2828.0,2838.5,2786.0
2021-05-29,2819.25,2828.0,2833.25,2807.0
2021-05-30,2828.0,2828.0,2828.0,2828.0
2021-05-31,2828.0,2835.0,2853.5,2822.0
2021-06-01,2833.5,2863.0,2870.5,2816.0
2021-06-02,2866.0,2859.5,2871.0,2834.0
2021-06-03,2857.5,2839.0,2870.0,2796.0
2021-06-04,2842.5,2847.5,2847.5,2812.0
2021-06-05,2847.5,2847.5,2847.5,2847.5
2021-06-06,2847.5,2838.5,2847.5,2838.5
2021-06-07,2840.5,2837.5,2847.0,2824.0
2021-06-08,2834.5,2811.5,2847.5,2756.0
2021-06-09,2809.5,2777.0,2821.0,2769.0
2021-06-10,2774.0,2775.0,2785.0,2741.0
2021-06-11,2773.0,2778.5,2812.5,2764.5
2021-06-12,2778.5,2778.5,2778.5,2778.5
2021-06-13,2779.75,2768.25,2781.0,2763.5
2021-06-14,2781.0,2758.0,2783.5,2748.5
2021-06-15,2756.5,2767.0,2769.5,2742.5
2021-06-16,2765.5,2804.0,2844.0,2759.0
2021-06-17,2800.5,2490.0,2811.0,2490.0
2021-06-18,2492.0,2468.5,2592.5,2454.5
2021-06-19,2479.25,2467.5,2529.5,2460.5
2021-06-20,2466.5,2466.5,2466.5,2466.5
2021-06-21,2475.5,2581.5,2588.5,2468.5
2021-06-22,2583.0,2560.5,2607.5,2549.5
2021-06-23,2555.5,2616.0,2636.0,2548.5
2021-06-24,2618.0,2648.0,2657.0,2608.0
2021-06-25,2647.5,2643.5,2663.5,2616.5
2021-06-26,2645.5,2643.5,2653.5,2630.0
2021-06-27,2643.5,2643.5,2643.5,2643.5
2021-06-28,2647.0,2692.5,2701.5,2633.0
2021-06-29,2693.5,2684.5,2701.0,2665.5
2021-06-30,2685.0,2784.5,2792.0,2671.5
2021-07-01,2785.0,2768.0,2797.5,2752.5
2021-07-02,2758.0,2787.5,2810.0,2756.5
2021-07-03,2787.5,2787.5,2787.5,2787.5
2021-07-04,2793.25,2802.75,2804.5,2789.25
2021-07-05,2799.0,2818.0,2821.5,2791.0
2021-07-06,2820.0,2795.5,2881.0,2767.5
2021-07-07,2793.0,2851.0,2869.5,2769.5
2021-07-08,2854.0,2803.5,2861.0,2782.0
2021-07-09,2794.5,2812.0,2821.5,2791.5
2021-07-10,2812.0,2812.0,2812.0,2812.0
2021-07-11,2812.0,2813.0,2813.0,2812.0
2021-07-12,2810.0,2857.5,2867.0,2790.5
2021-07-13,2851.0,2831.0,2859.0,2828.0
2021-07-14,2834.0,2829.0,2847.5,2798.5
2021-07-15,2827.5,2732.5,2832.0,2700.0
2021-07-16,2733.0,2632.5,2753.0,2617.0
2021-07-17,2682.75,2630.75,2692.75,2621.75
2021-07-18,2632.5,2629.0,2632.5,2626.5
2021-07-19,2633.0,2596.0,2651.5,2576.5
2021-07-20,2599.0,2644.0,2656.0,2572.5
2021-07-21,2643.0,2662.5,2678.5,2634.5
2021-07-22,2664.0,2723.5,2734.0,2659.0
2021-07-23,2732.0,2675.5,2740.5,2651.0
2021-07-24,2675.5,2675.5,2675.5,2675.5
2021-07-25,2675.5,2683.0,2684.0,2675.5
2021-07-26,2682.5,2663.0,2710.0,2658.5
2021-07-27,2658.5,2609.0,2673.5,2593.0
2021-07-28,2602.0,2625.5,2636.5,2601.0
2021-07-29,2628.5,2649.5,2679.0,2627.5
2021-07-30,2650.5,2663.0,2669.0,2630.5
2021-07-31,2663.0,2663.0,2663.0,2663.0
2021-08-01,2663.0,2663.0,2663.0,2663.0
2021-08-02,2669.5,2685.0,2698.0,2658.5
2021-08-03,2686.5,2651.5,2709.5,2639.5
2021-08-04,2652.0,2654.0,2682.0,2648.5
2021-08-05,2653.5,2655.0,2672.5,2639.5
2021-08-06,2658.0,2631.0,2675.0,2629.0
2021-08-07,2631.0,2631.0,2631.0,2631.0
2021-08-08,2631.0,2632.0,2636.5,2631.0
2021-08-09,2638.0,2608.0,2641.5,2604.5
2021-08-10,2610.0,2650.0,2668.5,2599.0
2021-08-11,2653.0,2641.0,2665.5,2618.5
2021-08-12,2640.0,2631.0,2652.0,2622.0
2021-08-13,2635.0,2653.5,2667.0,2612.5
2021-08-14,2653.5,2653.5,2653.5,2653.5
2021-08-15,2653.5,2660.0,2660.0,2653.5
2021-08-16,2647.5,2608.5,2657.5,2581.5
2021-08-17,2610.5,2488.5,2615.0,2471.5
2021-08-18,2491.0,2425.5,2540.0,2416.5
2021-08-19,2426.0,2315.5,2437.5,2302.0
2021-08-20,2312.0,2278.5,2347.0,2275.0
2021-08-21,2295.25,2278.5,2312.75,2276.75
2021-08-22,2278.5,2278.5,2278.5,2278.5
2021-08-23,2284.0,2395.0,2435.5,2272.5
2021-08-24,2405.5,2475.5,2479.0,2396.0
2021-08-25,2469.5,2432.0,2486.5,2428.0
2021-08-26,2428.0,2393.0,2432.0,2364.5
2021-08-27,2397.0,2421.0,2442.0,2397.0
2021-08-28,2409.0,2421.0,2431.5,2409.0
2021-08-29,2421.0,2421.0,2421.0,2421.0
2021-08-30,2429.0,2495.5,2503.5,2408.0
2021-08-31,2491.5,2475.0,2505.5,2468.0
2021-09-01,2475.5,2447.0,2503.5,2438.5
2021-09-02,2452.0,2411.5,2452.0,2393.5
2021-09-03,2411.5,2423.5,2442.5,2393.5
2021-09-04,2423.5,2423.5,2423.5,2423.5
2021-09-05,2423.5,2430.0,2430.0,2423.5
2021-09-06,2430.0,2413.5,2442.5,2397.0
2021-09-07,2416.0,2377.5,2417.5,2354.5
2021-09-08,2375.5,2254.0,2389.5,2221.5
2021-09-09,2252.5,2182.0,2273.5,2154.0
2021-09-10,2193.5,2141.5,2228.0,2132.0
2021-09-11,2141.5,2141.5,2141.5,2141.5
2021-09-12,2141.5,2141.5,2141.5,2141.5
2021-09-13,2111.0,2090.5,2174.0,2075.0
2021-09-14,2095.5,1979.0,2103.5,1938.5
2021-09-15,1983.0,2011.0,2043.5,1958.5
2021-09-16,2018.5,2035.0,2098.0,2005.0
2021-09-17,2029.0,2019.0,2056.5,1986.0
2021-09-18,2024.0,2019.0,2037.75,2002.5
2021-09-19,2019.0,2019.0,2019.0,2019.0
2021-09-20,2024.5,1886.5,2031.0,1852.5
2021-09-21,1898.5,1909.0,1957.5,1890.5
2021-09-22,1911.5,2030.5,2070.5,1906.0
2021-09-23,2026.5,1986.0,2084.5,1964.0
2021-09-24,1989.0,1974.0,2027.5,1940.5
2021-09-25,1974.0,1974.0,1974.0,1974.0
2021-09-26,1974.0,1974.0,1974.0,1974.0
2021-09-27,1971.5,1970.0,1995.5,1944.0
2021-09-28,1970.5,1881.0,1973.0,1865.0
2021-09-29,1887.5,1862.5,1918.5,1849.0
2021-09-30,1868.5,1915.0,1922.5,1858.5
2021-10-01,1912.5,1922.0,1939.0,1867.0
2021-10-02,1917.25,1922.0,1930.5,1894.5
2021-10-03,1922.0,1922.0,1922.0,1922.0
2021-10-04,1928.0,1908.0,1936.5,1885.0
2021-10-05,1911.0,1918.5,1931.0,1895.0
2021-10-06,1916.0,1899.5,1917.5,1851.0
2021-10-07,1898.0,1961.5,2004.5,1883.5
2021-10-08,1965.0,2080.5,2089.5,1950.5
2021-10-09,2022.75,2080.5,2085.0,2015.5
2021-10-10,2080.5,2080.5,2080.5,2080.5
2021-10-11,2170.0,2114.0,2186.0,2114.0
2021-10-12,2117.0,2051.0,2129.5,2045.0
2021-10-13,2052.5,2114.5,2153.5,2047.5
2021-10-14,2117.0,2133.5,2206.5,2088.5
2021-10-15,2140.5,2076.5,2159.5,2072.5
2021-10-16,2108.5,2076.5,2118.0,2074.5
2021-10-17,2076.5,2076.5,2076.5,2076.5
2021-10-18,2067.0,2021.5,2074.0,1979.5
2021-10-19,2023.5,2102.5,2117.5,2016.0
2021-10-20,2112.0,2075.5,2126.0,2035.0
2021-10-21,2074.5,2018.5,2097.5,1985.0
2021-10-22,2016.5,2026.0,2045.5,2005.0
2021-10-23,2026.0,2026.0,2026.0,2026.0
2021-10-24,2026.0,2026.0,2026.0,2026.0
2021-10-25,2026.0,2059.5,2082.0,2026.0
2021-10-26,2065.0,2013.0,2065.5,1968.0
2021-10-27,2006.0,1964.5,2024.5,1945.0
2021-10-28,1962.0,1995.0,2016.0,1956.0
2021-10-29,1998.0,2007.5,2011.5,1944.5
2021-10-30,2007.5,2007.5,2007.5,2007.5
2021-10-31,2007.5,1995.0,2011.5,1995.0
2021-11-01,1997.5,2055.5,2076.0,1980.0
2021-11-02,2052.0,2014.5,2058.5,2010.5
2021-11-03,2015.0,2009.0,2030.0,1982.5
2021-11-04,2009.5,2009.0,2063.5,1995.0
2021-11-05,2010.5,2038.0,2050.5,2001.0
2021-11-06,2038.0,2038.0,2038.0,2038.0
2021-11-07,2038.0,2038.0,2038.0,2038.0
2021-11-08,2043.5,2078.0,2090.0,2032.0
2021-11-09,2080.0,2025.5,2107.0,2015.0
2021-11-10,2024.0,2030.5,2069.5,2006.0
2021-11-11,2028.0,2064.5,2088.5,2024.0
2021-11-12,2065.0,2113.0,2126.0,2028.5
2021-11-13,2089.0,2113.0,2119.5,2070.75
2021-11-14,2113.0,2113.0,2113.0,2113.0
2021-11-15,2109.0,2154.0,2174.5,2109.0
2021-11-16,2153.5,2164.0,2181.0,2138.5
2021-11-17,2162.5,2194.0,2196.0,2151.5
2021-11-18,2192.0,2136.0,2214.0,2129.0
2021-11-19,2137.5,2061.0,2150.0,2059.0
2021-11-20,2061.0,2061.0,2061.0,2061.0
2021-11-21,2061.0,2061.0,2061.0,2061.0
2021-11-22,2055.5,1957.0,2081.5,1949.0
2021-11-23,1967.0,1876.0,1996.5,1841.0
2021-11-24,1875.0,1856.0,1913.5,1848.5
2021-11-25,1858.0,1869.0,1917.0,1858.0
2021-11-26,1875.5,1751.5,1885.5,1705.5
2021-11-27,1813.5,1751.5,1818.5,1728.5
2021-11-28,1751.5,1751.5,1751.5,1751.5
2021-11-29,1782.0,1796.5,1815.5,1775.5
2021-11-30,1797.5,1742.0,1807.5,1708.0
2021-12-01,1747.0,1750.0,1789.0,1735.5
2021-12-02,1753.5,1784.5,1788.0,1715.5
2021-12-03,1800.0,1816.0,1876.0,1776.0
2021-12-04,1816.0,1816.0,1816.0,1816.0
2021-12-05,1816.0,1816.0,1816.0,1816.0
2021-12-06,1815.5,1853.5,1862.0,1759.0
2021-12-07,1855.5,1854.0,1886.0,1830.5
2021-12-08,1852.5,1855.5,1877.5,1836.5
2021-12-09,1857.5,1817.0,1872.0,1755.5
2021-12-10,1811.5,1763.5,1820.5,1741.5
2021-12-11,1763.5,1763.5,1763.5,1763.5
2021-12-12,1763.5,1763.5,1763.5,1763.5
2021-12-13,1786.0,1683.0,1788.0,1667.0
2021-12-14,1684.0,1627.0,1697.0,1585.0
2021-12-15,1626.0,1600.0,1635.5,1540.5
2021-12-16,1614.0,1734.5,1736.5,1606.5
2021-12-17,1734.5,1788.5,1865.0,1718.0
2021-12-18,1788.5,1788.5,1788.5,1788.5
2021-12-19,1788.5,1788.5,1788.5,1788.5
2021-12-20,1784.5,1754.5,1786.0,1698.0
2021-12-21,1763.5,1801.5,1834.5,1746.0
2021-12-22,1795.5,1891.5,1907.0,1788.5
2021-12-23,1887.0,1951.0,1963.5,1843.0
2021-12-24,1908.3333333333333,1951.0,1959.3333333333333,1879.0
2021-12-25,1929.6666666666667,1951.0,1955.1666666666667,1915.0
2021-12-26,1951.0,1951.0,1951.0,1951.0
2021-12-27,1949.5,1970.5,2001.0,1939.0
2021-12-28,1973.5,1994.0,2020.5,1890.5
2021-12-29,1992.5,1983.5,1998.5,1949.5
2021-12-30,1984.5,1967.5,2020.0,1948.0
2021-12-31,1965.0,1872.0,1969.0,1860.5
2022-01-01,1935.0,1888.5,1937.0,1882.75
2022-01-02,1905.0,1905.0,1905.0,1905.0
2022-01-03,1906.0,1823.5,1909.5,1819.5
2022-01-04,1825.5,1874.5,1897.5,1825.5
2022-01-05,1875.0,1867.0,1924.5,1848.5
2022-01-06,1867.5,1878.0,1900.0,1834.5
2022-01-07,1877.5,1935.5,1951.0,1862.0
2022-01-08,1906.5,1935.5,1943.25,1898.75
2022-01-09,1935.5,1935.5,1935.5,1935.5
2022-01-10,1942.5,1911.5,1972.0,1895.0
2022-01-11,1914.5,1927.5,1944.0,1861.5
2022-01-12,1927.5,1914.0,1951.0,1903.0
2022-01-13,1915.5,1890.0,1920.0,1868.0
2022-01-14,1887.0,1883.5,1920.0,1861.0
2022-01-15,1885.25,1883.5,1901.75,1872.25
2022-01-16,1883.5,1883.5,1883.5,1883.5
2022-01-17,1882.0,1878.0,1899.0,1869.0
2022-01-18,1873.0,1907.0,1931.5,1872.5
2022-01-19,1899.0,2005.5,2036.5,1881.5
2022-01-20,1997.0,2066.5,2084.0,1983.0
2022-01-21,2060.0,2112.5,2146.5,2035.0
2022-01-22,2112.5,2112.5,2112.5,2112.5
2022-01-23,2112.5,2107.5,2112.5,2107.5
2022-01-24,2104.5,2148.5,2157.5,2093.5
2022-01-25,2149.0,2202.5,2213.5,2136.5
2022-01-26,2198.0,2333.0,2383.5,2185.0
2022-01-27,2331.0,2376.0,2395.0,2245.0
2022-01-28,2373.0,2379.0,2389.0,2261.5
2022-01-29,2376.0,2383.75,2388.75,2320.25
2022-01-30,2379.0,2388.5,2388.5,2379.0
2022-01-31,2373.0,2351.0,2453.0,2348.0
2022-02-01,2333.5,2354.5,2398.0,2306.0
2022-02-02,2352.5,2377.5,2429.0,2345.5
2022-02-03,2366.0,2329.0,2397.0,2285.0
2022-02-04,2340.5,2294.0,2361.5,2281.5
2022-02-05,2317.25,2294.0,2327.75,2287.75
2022-02-06,2294.0,2294.0,2294.0,2294.0
2022-02-07,2296.0,2269.5,2310.5,2178.5
2022-02-08,2268.0,2247.5,2288.0,2210.5
2022-02-09,2248.0,2283.0,2301.5,2238.0
2022-02-10,2284.5,2258.0,2334.0,2250.0
2022-02-11,2253.0,2314.0,2363.0,2183.0
2022-02-12,2283.5,2328.75,2353.75,2248.5
2022-02-13,2314.0,2343.5,2344.5,2314.0
2022-02-14,2312.0,2370.5,2395.5,2260.5
2022-02-15,2367.5,2255.0,2379.0,2194.0
2022-02-16,2262.0,2291.0,2318.0,2231.5
2022-02-17,2286.0,2373.0,2421.5,2279.5
2022-02-18,2372.0,2348.5,2385.0,2295.0
2022-02-19,2360.25,2348.5,2366.75,2321.75
2022-02-20,2348.5,2348.5,2348.5,2348.5
2022-02-21,2320.5,2387.5,2392.5,2304.0
2022-02-22,2406.0,2359.0,2436.0,2350.0
2022-02-23,2352.5,2477.5,2483.0,2347.5
2022-02-24,2484.0,2418.0,2713.5,2318.5
2022-02-25,2417.5,2367.0,2485.5,2323.5
2022-02-26,2392.25,2392.0,2451.25,2345.25
2022-02-27,2367.0,2417.0,2417.0,2367.0
2022-02-28,2530.5,2493.5,2530.5,2448.5
2022-03-01,2500.0,2589.5,2721.0,2488.0
2022-03-02,2592.0,2681.5,2681.5,2566.0
2022-03-03,2674.5,2791.0,2800.5,2634.0
2022-03-04,2783.0,3008.0,3017.0,2779.5
2022-03-05,3008.0,3008.0,3008.0,3008.0
2022-03-06,3008.0,3008.0,3008.0,3008.0
2022-03-07,3091.5,2998.0,3435.5,2855.5
2022-03-08,2997.0,3178.0,3224.0,2897.5
2022-03-09,3205.0,2942.0,3305.0,2896.0
2022-03-10,2922.5,2933.5,2982.5,2867.0
2022-03-11,2917.5,2804.5,2985.0,2714.0
2022-03-12,2861.0,2769.75,2894.75,2713.75
2022-03-13,2804.5,2735.0,2804.5,2713.5
2022-03-14,2732.5,2382.0,2760.0,2327.5
2022-03-15,2393.0,2437.0,2499.5,2365.0
2022-03-16,2432.0,2408.0,2498.5,2386.0
2022-03-17,2410.5,2542.0,2543.0,2404.5
2022-03-18,2576.5,2493.5,2640.0,2483.5
2022-03-19,2535.0,2493.5,2566.75,2485.0
2022-03-20,2493.5,2493.5,2493.5,2486.5
2022-03-21,2494.0,2599.0,2610.5,2475.5
2022-03-22,2590.0,2518.0,2595.5,2476.5
2022-03-23,2510.5,2541.0,2585.0,2487.0
2022-03-24,2541.5,2526.5,2556.0,2495.5
2022-03-25,2539.5,2339.5,2545.5,2302.5
2022-03-26,2439.5,2339.5,2442.5,2321.0
2022-03-27,2339.5,2339.5,2339.5,2339.5
2022-03-28,2330.5,2235.5,2391.0,2163.5
2022-03-29,2238.5,2160.5,2299.5,2039.0
2022-03-30,2143.0,2269.0,2272.5,2132.5
2022-03-31,2270.5,2265.5,2299.5,2200.0
2022-04-01,2275.0,2279.0,2347.0,2217.5
2022-04-02,2277.0,2279.0,2313.0,2248.25
2022-04-03,2279.0,2279.0,2279.0,2279.0
2022-04-04,2277.0,2278.0,2338.5,2274.0
2022-04-05,2285.5,2234.5,2317.5,2215.5
2022-04-06,2240.5,2198.5,2276.0,2172.0
2022-04-07,2187.5,2240.5,2281.5,2187.5
2022-04-08,2239.5,2424.5,2485.5,2237.0
2022-04-09,2424.5,2424.5,2424.5,2424.5
2022-04-10,2424.5,2424.5,2424.5,2424.5
2022-04-11,2440.0,2435.5,2544.0,2418.0
2022-04-12,2429.5,2333.5,2470.0,2322.5
2022-04-13,2335.0,2321.5,2430.0,2314.0
2022-04-14,2320.5,2372.0,2390.0,2320.5
2022-04-15,2372.0,2372.0,2372.0,2372.0
2022-04-16,2372.0,2372.0,2372.0,2372.0
2022-04-17,2372.0,2372.0,2372.0,2372.0
2022-04-18,2372.0,2448.0,2448.0,2372.0
2022-04-19,2458.5,2378.0,2458.5,2358.5
2022-04-20,2389.5,2461.0,2496.0,2367.5
2022-04-21,2444.5,2428.5,2490.5,2392.0
2022-04-22,2418.5,2380.0,2457.0,2374.0
2022-04-23,2380.0,2380.0,2380.0,2380.0
2022-04-24,2380.0,2380.0,2380.0,2380.0
2022-04-25,2356.5,2148.5,2359.5,2075.0
2022-04-26,2152.0,2188.0,2253.5,2146.5
2022-04-27,2165.5,2213.5,2265.0,2165.5
2022-04-28,2207.5,2235.5,2295.5,2207.5
2022-04-29,2250.0,2323.0,2331.0,2242.5
2022-04-30,2286.5,2323.0,2327.0,2282.75
2022-05-01,2323.0,2323.0,2323.0,2323.0
2022-05-02,2327.5,2215.5,2328.0,2178.5
2022-05-03,2212.0,2265.5,2287.5,2211.0
2022-05-04,2265.5,2259.0,2293.5,2228.0
2022-05-05,2257.5,2191.0,2285.0,2176.5
2022-05-06,2186.0,2049.5,2192.0,2004.5
2022-05-07,2049.5,2049.5,2049.5,2049.5
2022-05-08,2049.5,2060.0,2060.0,2049.5
2022-05-09,2047.0,2092.5,2147.5,2011.5
2022-05-10,2110.0,2070.0,2166.5,2047.5
2022-05-11,2072.0,2033.0,2095.5,2025.5
2022-05-12,2033.5,1907.0,2052.5,1871.0
2022-05-13,1925.5,1945.5,1977.0,1900.0
2022-05-14,1945.5,1945.5,1945.5,1945.5
2022-05-15,1945.5,1945.5,1945.5,1945.5
2022-05-16,1951.0,2026.5,2042.5,1915.5
2022-05-17,2020.0,2056.0,2093.5,1995.5
2022-05-18,2055.0,2017.5,2123.5,1993.5
2022-05-19,2012.5,2009.0,2036.0,1954.5
2022-05-20,2008.5,1968.5,2041.5,1937.0
2022-05-21,1968.5,1968.5,1968.5,1968.5
2022-05-22,1968.5,1968.5,1968.5,1968.5
2022-05-23,1980.5,1999.5,2042.5,1976.0
2022-05-24,1997.0,2008.5,2032.0,1979.0
2022-05-25,2009.5,2009.5,2049.5,1976.5
2022-05-26,2014.5,2019.0,2022.0,1987.0
2022-05-27,2020.0,2076.0,2077.5,2017.5
2022-05-28,2076.0,2076.0,2076.0,2076.0
2022-05-29,2076.0,2076.0,2076.0,2076.0
2022-05-30,2074.0,2039.0,2094.0,2035.0
2022-05-31,2038.0,2007.5,2098.0,1980.5
2022-06-01,2001.5,1999.5,2044.5,1986.5
2022-06-02,1995.5,2056.0,2061.0,1993.0
2022-06-03,2056.0,1985.0,2073.5,1966.5
2022-06-04,1985.0,1985.0,1985.0,1985.0
2022-06-05,1985.0,1985.0,1985.0,1985.0
2022-06-06,1972.0,2008.5,2033.5,1972.0
2022-06-07,2009.0,1990.5,2024.5,1943.5
2022-06-08,1991.0,1941.5,2004.0,1935.5
2022-06-09,1940.0,1925.0,1967.0,1918.0
2022-06-10,1933.5,1937.0,1946.5,1872.5
2022-06-11,1937.0,1937.0,1937.0,1937.0
2022-06-12,1937.0,1937.0,1937.0,1937.0
2022-06-13,1939.5,1794.5,1940.5,1792.0
2022-06-14,1792.0,1818.5,1853.0,1790.0
2022-06-15,1825.0,1859.0,1879.5,1822.5
2022-06-16,1865.0,1886.0,1891.0,1840.0
2022-06-17,1885.0,1817.5,1917.0,1814.0
2022-06-18,1817.5,1817.5,1817.5,1817.5
2022-06-19,1817.5,1817.5,1817.5,1817.5
2022-06-20,1817.0,1863.0,1881.0,1816.5
2022-06-21,1863.0,1882.5,1913.5,1848.5
2022-06-22,1880.5,1865.0,1892.0,1854.5
2022-06-23,1864.0,1844.0,1903.0,1840.0
2022-06-24,1844.5,1881.0,1889.0,1844.0
2022-06-25,1881.0,1881.0,1881.0,1881.0
2022-06-26,1881.0,1881.0,1881.0,1881.0
2022-06-27,1887.5,1872.5,1966.0,1870.5
2022-06-28,1873.0,1874.5,1914.5,1866.0
2022-06-29,1877.0,1963.5,2021.0,1874.0
2022-06-30,1961.5,1938.5,1992.0,1875.0
2022-07-01,1941.0,1963.0,1970.5,1888.0
2022-07-02,1952.0,1963.0,1966.75,1925.5
2022-07-03,1963.0,1963.0,1963.0,1963.0
2022-07-04,1965.5,1934.0,1969.5,1933.0
2022-07-05,1945.5,1939.0,1948.5,1898.0
2022-07-06,1935.0,1918.5,1972.0,1905.5
2022-07-07,1919.5,2008.5,2025.5,1918.0
2022-07-08,2009.5,2185.0,2192.5,1992.5
2022-07-09,2097.25,2185.0,2188.75,2088.75
2022-07-10,2185.0,2185.0,2185.0,2185.0
2022-07-11,2171.5,2167.5,2207.5,2104.0
2022-07-12,2162.0,2032.5,2165.0,2023.0
2022-07-13,2031.5,1984.5,2040.0,1947.5
2022-07-14,1984.5,1910.0,1990.0,1880.5
2022-07-15,1903.5,1834.5,1924.0,1833.0
2022-07-16,1869.0,1834.5,1879.25,1833.75
2022-07-17,1834.5,1834.5,1834.5,1834.5
2022-07-18,1848.0,1860.0,1898.5,1840.0
2022-07-19,1871.0,1882.0,1895.5,1850.5
2022-07-20,1879.5,1864.5,1908.5,1854.0
2022-07-21,1870.5,1891.5,1893.5,1844.0
2022-07-22,1891.0,2043.5,2054.5,1885.5
2022-07-23,1967.25,2043.5,2049.0,1964.5
2022-07-24,2043.5,2043.5,2043.5,2043.5
2022-07-25,1979.0,2009.5,2026.0,1977.0
2022-07-26,2006.5,2014.5,2026.0,1978.0
2022-07-27,2012.0,2033.0,2037.0,1996.5
2022-07-28,2032.5,2081.5,2098.0,2028.0
2022-07-29,2088.0,2131.0,2141.0,2049.0
2022-07-30,2131.0,2131.0,2131.0,2131.0
2022-07-31,2131.0,2131.0,2131.0,2131.0
2022-08-01,2129.0,2198.0,2227.0,2093.5
2022-08-02,2200.5,2060.5,2224.5,2054.0
2022-08-03,2057.5,2023.5,2097.5,1997.0
2022-08-04,2020.0,2069.5,2104.5,1999.0
2022-08-05,2062.0,2128.5,2148.0,2061.0
2022-08-06,2128.5,2128.5,2128.5,2128.5
2022-08-07,2128.5,2128.5,2128.5,2128.5
2022-08-08,2189.5,2242.5,2259.5,2183.0
2022-08-09,2241.5,2227.0,2264.0,2191.0
2022-08-10,2228.0,2255.0,2267.5,2198.0
2022-08-11,2255.0,2290.0,2304.5,2234.5
2022-08-12,2294.0,2227.0,2297.0,2214.5
2022-08-13,2227.0,2227.0,2227.0,2227.0
2022-08-14,2227.0,2227.0,2227.0,2227.0
2022-08-15,2223.5,2151.5,2236.5,2133.5
2022-08-16,2149.0,2177.5,2177.5,2113.5
2022-08-17,2163.0,2144.5,2164.0,2129.5
2022-08-18,2142.5,2159.0,2186.5,2131.0
2022-08-19,2160.5,2127.0,2164.0,2105.5
2022-08-20,2127.0,2127.0,2127.0,2127.0
2022-08-21,2127.0,2127.0,2127.0,2127.0
2022-08-22,2120.5,2001.0,2149.0,1967.0
2022-08-23,1998.5,1983.5,2033.0,1976.5
2022-08-24,1983.0,2038.0,2050.5,1970.0
2022-08-25,2052.0,2151.5,2169.0,2038.5
2022-08-26,2155.0,2113.0,2207.5,2102.0
2022-08-27,2113.0,2113.0,2113.0,2113.0
2022-08-28,2113.0,2113.0,2113.0,2113.0
2022-08-29,2106.0,2151.0,2165.5,2098.5
2022-08-30,2154.0,2091.5,2175.5,2067.5
2022-08-31,2090.0,2087.5,2139.5,2066.0
2022-09-01,2088.5,2013.0,2102.0,2002.0
2022-09-02,2017.5,2027.5,2067.0,2008.5
2022-09-03,2027.5,2027.5,2027.5,2027.5
2022-09-04,2027.5,2027.5,2027.5,2027.5
2022-09-05,2024.5,2037.0,2047.5,2016.5
2022-09-06,2039.0,2010.0,2076.0,1957.0
2022-09-07,1998.0,2045.0,2058.0,1982.0
2022-09-08,2050.0,2142.5,2183.5,2028.5
2022-09-09,2139.0,2180.0,2193.5,2105.0
2022-09-10,2180.0,2180.0,2180.0,2180.0
2022-09-11,2180.0,2180.0,2180.0,2180.0
2022-09-12,2188.5,2269.0,2278.0,2161.0
2022-09-13,2265.0,2106.0,2273.5,2096.5
2022-09-14,2093.5,2167.5,2178.0,2077.0
2022-09-15,2163.0,2139.5,2182.0,2122.0
2022-09-16,2136.0,2139.0,2144.5,2078.5
2022-09-17,2137.5,2139.0,2141.75,2108.75
2022-09-18,2139.0,2139.0,2139.0,2139.0
2022-09-19,2129.0,2228.5,2238.0,2094.5
2022-09-20,2223.0,2171.5,2224.5,2110.5
2022-09-21,2167.0,2159.0,2208.0,2113.0
2022-09-22,2173.0,2173.5,2192.5,2083.5
2022-09-23,2168.5,2072.0,2175.0,2065.0
2022-09-24,2072.0,2072.0,2072.0,2072.0
2022-09-25,2072.0,2072.0,2072.0,2072.0
2022-09-26,2069.0,2053.0,2100.5,2032.0
2022-09-27,2045.5,2090.5,2130.0,2031.0
2022-09-28,2076.5,2169.0,2171.5,2042.5
2022-09-29,2151.0,2207.0,2256.0,2117.0
2022-09-30,2205.0,2176.0,2236.0,2161.5
2022-10-01,2176.0,2176.0,2176.0,2176.0
2022-10-02,2176.0,2176.0,2176.0,2176.0
2022-10-03,2177.0,2227.0,2259.5,2161.5
2022-10-04,2227.0,2321.0,2350.5,2221.5
2022-10-05,2329.0,2250.0,2329.5,2198.0
2022-10-06,2250.0,2270.0,2309.0,2243.5
2022-10-07,2268.5,2186.0,2299.5,2177.5
2022-10-08,2186.0,2186.0,2186.0,2186.0
2022-10-09,2186.0,2186.0,2186.0,2186.0
2022-10-10,2187.5,2162.5,2268.0,2146.5
2022-10-11,2162.5,2145.0,2197.5,2109.5
2022-10-12,2124.5,2131.0,2181.0,2101.0
2022-10-13,2129.5,2111.5,2154.5,2008.0
2022-10-14,2108.5,1994.0,2133.5,1983.5
2022-10-15,1994.0,1994.0,1994.0,1994.0
2022-10-16,0.0,1992.0,0.0,1992.0
2022-10-17,1987.5,2003.0,2043.0,1987.5
2022-10-18,2003.0,2017.0,2039.5,2003.0
2022-10-19,2021.0,2001.5,2033.5,1959.5
2022-10-20,2004.5,2080.5,2095.5,1976.5
2022-10-21,2057.5,2012.5,2080.5,1955.0
2022-10-22,2012.5,2012.5,2023.5,2012.5
2022-10-23,0.0,2021.0,0.0,0.0
2022-10-24,2036.0,1975.0,2074.0,1967.0
2022-10-25,1971.0,1927.0,2004.0,1886.5
2022-10-26,1948.5,1965.5,1980.0,1936.5
2022-10-27,1965.5,1945.0,2000.5,1910.0
2022-10-28,1941.0,1905.0,1972.5,1888.0
2022-10-29,1905.0,1905.0,1905.0,1905.0
2022-10-30,1908.5,1892.5,1908.5,1892.5
2022-10-31,1903.5,1841.5,1926.5,1821.0
2022-11-01,1851.5,1885.0,1953.5,1848.0
2022-11-02,1891.5,1855.5,1918.0,1848.0
2022-11-03,1851.0,1807.5,1874.5,1773.0
2022-11-04,1805.5,1846.5,1920.5,1802.5
2022-11-05,1846.5,1846.5,1846.5,1846.5
2022-11-06,1854.0,1875.0,1880.5,1846.5
2022-11-07,1861.5,1903.5,1914.5,1846.5
2022-11-08,1903.5,1936.5,1942.0,1857.5
2022-11-09,1919.0,1862.0,1952.0,1836.5
2022-11-10,1862.0,1962.0,1983.0,1814.5
2022-11-11,1971.5,2051.0,2051.0,1941.5
2022-11-12,2051.0,2051.0,2051.0,2051.0
2022-11-13,2051.0,2051.0,2051.0,2051.0
2022-11-14,2028.5,2040.5,2045.0,1958.0
2022-11-15,2026.0,2078.5,2114.5,2019.0
2022-11-16,2078.5,2081.5,2114.0,2051.5
2022-11-17,2078.0,2010.0,2081.5,1980.0
2022-11-18,2013.5,1936.5,2029.5,1934.5
2022-11-19,1936.5,1936.5,1936.5,1936.5
2022-11-20,0.0,1940.0,1940.0,0.0
2022-11-21,1935.0,1854.0,1947.0,1828.0
2022-11-22,1870.0,1858.5,1894.0,1846.0
2022-11-23,1862.0,1877.0,1899.5,1857.5
2022-11-24,1886.5,1884.5,1911.0,1877.0
2022-11-25,1888.0,1856.0,1890.0,1803.5
2022-11-26,1856.0,1856.0,1856.0,1856.0
2022-11-27,1843.25,1852.0,1868.0,1841.75
2022-11-28,1830.5,1848.0,1880.0,1827.5
2022-11-29,1849.0,1836.0,1887.0,1822.0
2022-11-30,1839.0,1866.0,1935.5,1839.0
2022-12-01,1889.0,1944.5,1951.5,1869.5
2022-12-02,1943.0,1897.0,1945.0,1870.5
2022-12-03,1897.0,1897.0,1897.0,1897.0
2022-12-04,1897.0,1897.0,1897.0,1897.0
2022-12-05,1902.5,1857.5,1935.5,1853.5
2022-12-06,1876.0,1850.5,1896.0,1847.0
2022-12-07,1853.5,1853.5,1885.0,1842.5
2022-12-08,1851.0,1930.0,1944.5,1844.0
2022-12-09,1932.0,1950.5,1968.0,1913.5
2022-12-10,1950.5,1950.5,1950.5,1950.5
2022-12-11,1952.25,1914.75,1953.0,1911.5
2022-12-12,1954.0,1879.0,1955.5,1872.5
2022-12-13,1884.5,1931.5,1997.5,1876.5
2022-12-14,1936.5,1917.0,1942.0,1907.5
2022-12-15,1919.0,1808.5,1922.0,1759.5
2022-12-16,1796.5,1701.5,1821.5,1700.5
2022-12-17,1701.5,1701.5,1701.5,1701.5
2022-12-18,1704.75,1689.75,1723.0,1684.75
2022-12-19,1708.0,1678.0,1744.5,1668.0
2022-12-20,1684.0,1746.5,1759.5,1668.0
2022-12-21,1746.5,1675.0,1754.5,1668.5
2022-12-22,1675.0,1680.5,1745.5,1664.5
2022-12-23,1684.5,1740.0,1762.0,1652.0
2022-12-24,1703.75,1763.125,1781.75,1679.25
2022-12-25,1723.0,1786.25,1801.5,1706.5
2022-12-26,1742.25,1809.375,1821.25,1733.75
2022-12-27,1761.5,1832.5,1841.0,1761.0
2022-12-28,1832.5,1785.0,1845.5,1754.0
2022-12-29,1785.5,1816.5,1842.0,1755.5
2022-12-30,1820.0,1798.0,1828.0,1759.5
2022-12-31,1815.75,1772.25,1825.125,1742.625
2023-01-01,1811.5,1746.5,1822.25,1725.75
2023-01-02,1807.25,1720.75,1819.375,1708.875
2023-01-03,1803.0,1695.0,1816.5,1692.0
2023-01-04,1715.5,1797.5,1807.5,1711.0
2023-01-05,1795.5,1731.5,1835.5,1724.0
2023-01-06,1731.5,1806.5,1815.5,1731.5
2023-01-07,865.75,1806.5,1814.5,865.75
2023-01-08,0.0,1806.5,1813.5,0.0
2023-01-09,1817.5,1775.5,1841.5,1761.0
2023-01-10,1775.5,1779.5,1811.5,1766.5
2023-01-11,1786.0,1783.0,1796.5,1748.5
2023-01-12,1776.0,1800.5,1800.5,1737.0
2023-01-13,1789.0,1788.5,1810.0,1732.0
2023-01-14,1788.5,1794.5,1794.5,1788.5
2023-01-15,1790.25,1774.25,1793.5,1768.0
2023-01-16,1792.0,1754.0,1792.5,1747.5
2023-01-17,1754.0,1738.0,1766.0,1710.5
2023-01-18,1743.0,1709.0,1796.5,1696.0
2023-01-19,1709.0,1774.5,1781.5,1668.5
2023-01-20,1759.0,1729.0,1766.0,1721.0
2023-01-21,1729.0,1729.0,1729.0,1729.0
2023-01-22,1729.0,1729.0,1729.0,1729.0
2023-01-23,1737.5,1705.5,1754.0,1696.5
2023-01-24,1705.5,1741.5,1754.0,1695.0
2023-01-25,1743.0,1692.0,1747.0,1683.0
2023-01-26,1689.5,1671.0,1710.5,1666.0
2023-01-27,1675.0,1607.5,1684.0,1606.0
2023-01-28,1607.5,1607.5,1607.5,1607.5
2023-01-29,1607.5,1609.5,1609.5,1607.5
2023-01-30,1618.5,1650.0,1654.5,1617.0
2023-01-31,1642.0,1660.5,1673.5,1597.5
2023-02-01,1660.5,1660.0,1705.5,1626.0
2023-02-02,1662.5,1654.5,1696.5,1642.5
2023-02-03,1669.0,1627.0,1707.5,1605.5
2023-02-04,1627.0,1627.0,1627.0,1627.0
2023-02-05,1627.0,1632.5,1632.5,1627.0
2023-02-06,1622.0,1595.5,1637.0,1557.0
2023-02-07,1600.5,1652.5,1667.0,1572.0
2023-02-08,1645.5,1650.0,1684.5,1634.5
2023-02-09,1649.0,1630.5,1682.0,1607.5
2023-02-10,1629.5,1545.5,1640.5,1543.0
2023-02-11,1545.5,1545.5,1545.5,1545.5
2023-02-12,1545.5,1546.0,1546.0,1545.5
2023-02-13,1548.5,1556.5,1582.5,1536.0
2023-02-14,1567.5,1484.0,1594.5,1477.0
2023-02-15,1503.5,1461.5,1508.0,1433.5
2023-02-16,1467.0,1539.5,1544.0,1450.0
2023-02-17,1522.5,1501.0,1522.5,1455.5
2023-02-18,1501.0,1501.0,1501.0,1501.0
2023-02-19,1501.0,1501.0,1501.0,1501.0
2023-02-20,1504.0,1520.5,1544.0,1490.0
2023-02-21,1518.5,1530.5,1546.0,1491.0
2023-02-22,1537.5,1492.0,1539.5,1485.5
2023-02-23,1486.0,1436.5,1502.5,1431.5
2023-02-24,1451.0,1405.0,1455.0,1364.5
2023-02-25,1405.0,1405.0,1405.0,1405.0
2023-02-26,1396.25,1421.0,1438.75,1396.25
2023-02-27,1387.5,1437.0,1472.5,1387.5
2023-02-28,1427.5,1431.0,1449.5,1399.5
2023-03-01,1423.5,1447.5,1459.5,1418.0
2023-03-02,1444.5,1453.0,1453.5,1423.5
2023-03-03,1452.0,1455.0,1468.0,1425.5
2023-03-04,1454.5,1456.0,1462.5,1441.25
2023-03-05,1457.0,1457.0,1457.0,1457.0
2023-03-06,1446.0,1437.5,1455.0,1414.0
2023-03-07,1438.0,1387.0,1450.5,1381.0
2023-03-08,1384.0,1381.0,1415.5,1366.5
2023-03-09,1364.0,1392.5,1411.0,1352.0
2023-03-10,1392.0,1380.5,1412.0,1364.5
2023-03-11,1380.5,1380.5,1380.5,1380.5
2023-03-12,1392.0,1388.5,1398.0,1388.5
2023-03-13,1394.0,1476.0,1503.0,1381.0
2023-03-14,1479.5,1526.5,1550.0,1450.5
2023-03-15,1522.5,1463.0,1534.5,1423.5
2023-03-16,1462.0,1427.0,1475.0,1412.5
2023-03-17,1432.5,1423.0,1456.0,1386.0
2023-03-18,1429.0,1421.1666666666667,1446.3333333333333,1385.5
2023-03-19,1425.5,1419.3333333333333,1436.6666666666667,1385.0
2023-03-20,1422.0,1417.5,1427.0,1384.5
2023-03-21,1414.0,1407.0,1422.5,1385.5
2023-03-22,1405.0,1453.0,1469.5,1370.5
2023-03-23,1454.0,1441.0,1471.0,1423.5
2023-03-24,1433.5,1422.5,1442.5,1394.0
2023-03-25,1422.5,1422.5,1422.5,1422.5
2023-03-26,1422.5,1422.5,1422.5,1422.5
2023-03-27,1420.0,1412.0,1430.0,1397.0
2023-03-28,1422.0,1422.5,1427.0,1394.5
2023-03-29,1427.5,1443.0,1458.0,1412.5
2023-03-30,1429.5,1467.5,1500.0,1429.0
2023-03-31,1464.0,1467.0,1507.5,1462.5
2023-04-01,1467.0,1467.0,1467.0,1467.0
2023-04-02,1467.0,1467.0,1467.0,1467.0
2023-04-03,1460.0,1463.0,1502.0,1443.5
2023-04-04,1463.5,1461.5,1492.0,1442.0
2023-04-05,1469.5,1433.5,1481.0,1424.5
2023-04-06,1427.0,1470.5,1476.0,1416.0
2023-04-07,1470.5,1470.5,1470.5,1470.5
2023-04-08,1470.5,1470.5,1470.5,1470.5
2023-04-09,1470.5,1470.5,1470.5,1470.5
2023-04-10,1471.0,1415.5,1476.0,1410.0
2023-04-11,1423.0,1450.5,1469.5,1422.5
2023-04-12,1451.0,1464.0,1476.0,1440.5
2023-04-13,1471.5,1503.5,1532.5,1453.0
2023-04-14,1519.5,1508.0,1531.0,1480.5
2023-04-15,1508.0,1508.0,1508.0,1508.0
2023-04-16,1508.0,1508.0,1508.0,1508.0
2023-04-17,1504.0,1563.5,1575.0,1489.5
2023-04-18,1568.5,1642.0,1650.0,1565.0
2023-04-19,1622.5,1620.0,1634.0,1582.0
2023-04-20,1611.5,1590.5,1629.0,1578.0
2023-04-21,1598.5,1606.5,1633.5,1580.0
2023-04-22,1606.5,1606.5,1606.5,1606.5
2023-04-23,1606.5,1606.5,1606.5,1606.5
2023-04-24,1589.0,1539.5,1596.5,1516.0
2023-04-25,1540.0,1488.0,1545.5,1475.5
2023-04-26,1493.5,1516.5,1535.5,1493.0
2023-04-27,1506.0,1499.5,1534.5,1469.0
2023-04-28,1494.0,1500.5,1535.5,1487.5
2023-04-29,1500.5,1500.5,1500.5,1500.5
2023-04-30,1506.75,1477.25,1510.75,1473.25
2023-05-01,1513.0,1454.0,1521.0,1446.0
2023-05-02,1453.5,1432.0,1467.0,1427.0
2023-05-03,1433.5,1427.0,1453.0,1416.0
2023-05-04,1429.0,1452.5,1463.0,1418.0
2023-05-05,1454.5,1501.0,1511.0,1446.5
2023-05-06,1501.0,1501.0,1501.0,1501.0
2023-05-07,1501.0,1501.0,1501.0,1501.0
2023-05-08,1497.5,1574.5,1592.0,1497.0
2023-05-09,1568.0,1587.5,1597.0,1541.5
2023-05-10,1585.5,1611.0,1630.5,1567.0
2023-05-11,1615.0,1555.0,1627.5,1541.0
2023-05-12,1561.5,1519.0,1579.5,1508.5
2023-05-13,1519.0,1519.0,1519.0,1519.0
2023-05-14,1515.25,1527.75,1536.0,1515.0
2023-05-15,1511.5,1536.5,1553.0,1511.0
2023-05-16,1530.0,1505.5,1541.5,1498.5
2023-05-17,1500.0,1491.0,1510.5,1481.5
2023-05-18,1488.0,1456.0,1492.5,1455.0
2023-05-19,1467.0,1527.0,1536.5,1467.0
2023-05-20,1527.0,1527.0,1527.0,1527.0
2023-05-21,1527.0,1527.0,1527.0,1527.0
2023-05-22,1519.0,1495.0,1529.0,1488.5
2023-05-23,1491.0,1449.5,1495.5,1444.0
2023-05-24,1456.0,1403.0,1464.0,1396.0
2023-05-25,1418.0,1420.5,1442.0,1390.0
2023-05-26,1419.0,1426.5,1455.0,1416.0
2023-05-27,1426.5,1426.5,1426.5,1426.5
2023-05-28,1428.0,1428.0,1428.0,1428.0
2023-05-29,1426.0,1414.0,1438.0,1410.5
2023-05-30,1423.0,1404.5,1447.0,1394.0
2023-05-31,1407.0,1366.0,1430.0,1360.0
2023-06-01,1368.0,1398.5,1408.0,1364.0
2023-06-02,1404.0,1409.5,1436.5,1394.5
2023-06-03,1406.75,1409.5,1423.0,1402.0
2023-06-04,1409.5,1409.5,1409.5,1409.5
2023-06-05,1439.0,1416.5,1454.5,1399.5
2023-06-06,1411.0,1417.0,1436.0,1389.5
2023-06-07,1415.5,1393.0,1422.5,1388.0
2023-06-08,1397.0,1365.5,1397.0,1351.0
2023-06-09,1362.5,1315.0,1371.5,1304.0
2023-06-10,1315.0,1315.0,1315.0,1315.0
2023-06-11,1319.0,1333.0,1338.75,1310.5
2023-06-12,1323.0,1351.0,1362.5,1306.0
2023-06-13,1355.5,1364.5,1394.5,1345.0
2023-06-14,1357.0,1408.0,1410.5,1353.5
2023-06-15,1399.0,1402.5,1403.5,1363.0
2023-06-16,1396.0,1420.0,1431.0,1393.0
2023-06-17,1420.0,1420.0,1420.0,1420.0
2023-06-18,1420.0,1420.0,1420.0,1420.0
2023-06-19,1417.5,1408.5,1421.0,1389.0
2023-06-20,1408.5,1384.0,1416.0,1355.5
2023-06-21,1380.0,1351.5,1389.0,1344.5
2023-06-22,1356.0,1281.5,1356.0,1274.5
2023-06-23,1291.5,1289.0,1301.5,1278.0
2023-06-24,1289.0,1289.0,1289.0,1289.0
2023-06-25,1289.0,1288.0,1289.0,1288.0
2023-06-26,1291.5,1309.5,1349.5,1284.5
2023-06-27,1313.0,1300.0,1328.5,1292.0
2023-06-28,1301.5,1253.0,1305.5,1211.0
2023-06-29,1263.0,1233.5,1266.0,1220.0
2023-06-30,1229.5,1228.5,1264.5,1224.0
2023-07-01,1229.0,1228.5,1246.5,1226.25
2023-07-02,1228.5,1228.5,1228.5,1228.5
2023-07-03,1230.5,1233.0,1259.5,1218.5
2023-07-04,1245.0,1248.0,1266.5,1237.5
2023-07-05,1248.0,1264.0,1269.5,1229.0
2023-07-06,1256.5,1245.5,1278.5,1227.5
2023-07-07,1243.5,1252.0,1262.0,1224.0
2023-07-08,1252.0,1252.0,1252.0,1252.0
2023-07-09,1252.0,1252.0,1252.0,1252.0
2023-07-10,1254.0,1244.0,1257.0,1195.0
2023-07-11,1240.5,1255.0,1259.0,1220.0
2023-07-12,1249.5,1287.0,1303.5,1246.0
2023-07-13,1290.5,1299.0,1312.0,1272.5
2023-07-14,1295.0,1273.5,1295.0,1262.5
2023-07-15,1273.5,1273.5,1273.5,1273.5
2023-07-16,1273.5,1273.5,1273.5,1273.5
2023-07-17,1275.5,1288.0,1305.5,1256.5
2023-07-18,1288.5,1323.5,1331.5,1281.0
2023-07-19,1324.0,1311.5,1326.5,1287.0
2023-07-20,1306.5,1281.5,1314.0,1270.0
2023-07-21,1286.0,1292.5,1304.0,1279.0
2023-07-22,1292.5,1292.5,1292.5,1292.5
2023-07-23,1291.0,1283.75,1297.5,1281.5
2023-07-24,1289.5,1275.0,1302.5,1270.5
2023-07-25,1281.0,1288.0,1303.0,1275.0
2023-07-26,1291.0,1263.0,1294.5,1240.5
2023-07-27,1270.0,1244.5,1277.0,1224.0
2023-07-28,1242.0,1250.5,1272.0,1227.0
2023-07-29,1250.5,1250.5,1250.5,1250.5
2023-07-30,1250.5,1250.5,1250.5,1250.5
2023-07-31,1247.0,1283.0,1291.5,1241.0
2023-08-01,1290.5,1243.0,1293.5,1228.0
2023-08-02,1248.5,1247.0,1257.0,1228.0
2023-08-03,1244.0,1262.5,1267.0,1226.5
2023-08-04,1257.0,1269.5,1275.0,1244.0
2023-08-05,1269.5,1269.5,1269.5,1269.5
2023-08-06,1269.5,1269.5,1269.5,1269.5
2023-08-07,1264.0,1243.0,1275.5,1232.5
2023-08-08,1247.0,1224.0,1247.0,1202.5
2023-08-09,1225.5,1238.5,1244.5,1210.0
2023-08-10,1237.5,1306.5,1310.0,1237.5
2023-08-11,1291.5,1308.0,1343.5,1290.0
2023-08-12,1308.0,1308.0,1308.0,1308.0
2023-08-13,1303.0,1290.5,1312.0,1278.5
2023-08-14,1298.0,1273.0,1316.0,1249.0
2023-08-15,1269.5,1238.5,1272.0,1233.0
2023-08-16,1237.5,1212.5,1248.0,1209.0
2023-08-17,1212.5,1220.5,1240.5,1205.5
2023-08-18,1226.0,1260.0,1263.0,1214.0
2023-08-19,1260.0,1260.0,1260.0,1260.0
2023-08-20,1260.0,1260.0,1260.0,1260.0
2023-08-21,1259.5,1238.0,1270.5,1229.5
2023-08-22,1245.0,1264.0,1294.0,1242.5
2023-08-23,1259.5,1277.5,1299.5,1259.5
2023-08-24,1282.0,1243.5,1284.5,1232.5
2023-08-25,1247.5,1226.0,1250.5,1214.5
2023-08-26,1226.0,1226.0,1226.0,1226.0
2023-08-27,1229.75,1242.25,1245.25,1221.75
2023-08-28,1233.5,1258.5,1264.5,1217.5
2023-08-29,1252.5,1252.0,1259.5,1209.5
2023-08-30,1248.5,1225.0,1252.0,1224.0
2023-08-31,1231.0,1217.5,1238.5,1214.5
2023-09-01,1229.5,1226.5,1239.0,1219.5
2023-09-02,1226.5,1224.0,1236.0,1221.5
2023-09-03,1226.6666666666667,1221.0,1233.8333333333333,1209.5
2023-09-04,1226.8333333333333,1218.0,1231.6666666666667,1197.5
2023-09-05,1227.0,1215.0,1229.5,1185.5
2023-09-06,1221.0,1212.5,1223.0,1182.5
2023-09-07,1222.0,1215.0,1227.5,1194.0
2023-09-08,1215.5,1201.0,1232.5,1193.0
2023-09-09,1201.0,1201.0,1201.0,1201.0
2023-09-10,1193.5,1193.5,1193.5,1193.5
2023-09-11,1200.0,1220.5,1227.5,1196.5
2023-09-12,1221.0,1246.5,1251.5,1210.0
2023-09-13,1247.0,1262.0,1267.5,1230.0
2023-09-14,1256.0,1254.0,1274.5,1250.0
2023-09-15,1253.5,1248.5,1278.0,1236.5
2023-09-16,1248.5,1248.5,1248.5,1248.5
2023-09-17,1248.5,1249.5,1249.5,1248.5
2023-09-18,1249.0,1241.0,1256.5,1226.5
2023-09-19,1246.5,1263.5,1277.5,1242.0
2023-09-20,1264.5,1278.5,1298.0,1262.0
2023-09-21,1263.5,1266.5,1271.5,1233.0
2023-09-22,1267.0,1254.0,1288.0,1250.0
2023-09-23,1254.0,1254.0,1254.0,1254.0
2023-09-24,1254.0,1254.0,1254.0,1254.0
2023-09-25,1254.0,1232.0,1254.5,1230.5
2023-09-26,1236.0,1226.5,1242.0,1212.5
2023-09-27,1230.5,1224.5,1254.5,1215.5
2023-09-28,1225.5,1275.5,1284.0,1222.0
2023-09-29,1275.5,1248.0,1293.0,1244.0
2023-09-30,1248.0,1248.0,1248.0,1248.0
2023-10-01,1248.0,1248.0,1248.0,1248.0
2023-10-02,1249.5,1205.0,1254.5,1199.0
2023-10-03,1208.5,1192.0,1216.0,1169.0
2023-10-04,1178.5,1171.0,1187.0,1156.0
2023-10-05,1172.0,1144.0,1185.5,1142.0
2023-10-06,1151.0,1160.5,1173.0,1136.5
2023-10-07,1160.5,1160.5,1160.5,1160.5
2023-10-08,1160.5,1160.5,1160.5,1160.5
2023-10-09,1163.0,1131.0,1168.5,1117.0
2023-10-10,1140.0,1172.5,1181.0,1123.0
2023-10-11,1172.0,1170.5,1189.5,1152.5
2023-10-12,1171.0,1147.5,1183.5,1133.0
2023-10-13,1140.0,1151.5,1162.0,1129.5
2023-10-14,1151.5,1151.5,1151.5,1151.5
2023-10-15,1151.5,1151.5,1151.5,1151.5
2023-10-16,1152.5,1147.0,1160.0,1131.0
2023-10-17,1149.5,1146.5,1153.0,1122.0
2023-10-18,1141.0,1132.0,1152.0,1110.5
2023-10-19,1133.5,1116.5,1134.5,1098.0
2023-10-20,1116.0,1100.5,1120.0,1099.5
2023-10-21,1100.5,1100.5,1100.5,1100.5
2023-10-22,1100.5,1100.5,1100.5,1100.5
2023-10-23,1103.0,1137.0,1144.5,1086.0
2023-10-24,1120.0,1122.5,1140.5,1107.0
2023-10-25,1127.5,1128.5,1145.0,1113.0
2023-10-26,1125.5,1136.0,1146.0,1111.0
2023-10-27,1138.5,1125.5,1146.5,1115.5
2023-10-28,1125.5,1125.5,1125.5,1125.5
2023-10-29,1125.5,1124.0,1126.5,1123.0
2023-10-30,1126.0,1130.5,1159.5,1120.0
2023-10-31,1127.5,1124.5,1142.5,1116.0
2023-11-01,1125.0,1112.5,1141.0,1104.0
2023-11-02,1114.5,1113.0,1123.0,1101.0
2023-11-03,1114.0,1121.0,1133.0,1104.0
2023-11-04,1121.0,1121.0,1121.0,1121.0
2023-11-05,1121.0,1121.0,1121.0,1121.0
2023-11-06,1117.5,1106.5,1130.5,1092.5
2023-11-07,1103.5,1059.0,1107.0,1053.0
2023-11-08,1059.5,1059.5,1064.0,1011.0
2023-11-09,1055.0,1008.0,1058.0,992.5
2023-11-10,996.0,966.0,1002.5,950.5
2023-11-11,966.0,966.0,966.0,966.0
2023-11-12,966.0,966.0,966.0,966.0
2023-11-13,965.0,981.5,988.0,951.5
2023-11-14,986.0,1026.5,1035.5,972.0
2023-11-15,1022.5,1038.5,1052.0,1004.5
2023-11-16,1038.0,1047.5,1053.5,1021.0
2023-11-17,1036.5,1059.5,1064.0,1034.5
2023-11-18,1059.5,1059.5,1059.5,1059.5
2023-11-19,1059.5,1059.5,1059.5,1059.5
2023-11-20,1056.0,1087.5,1092.0,1051.0
2023-11-21,1086.0,1090.5,1096.0,1061.0
2023-11-22,1080.5,1052.5,1085.0,1047.5
2023-11-23,1058.5,1047.5,1062.0,1044.0
2023-11-24,1046.0,1074.5,1079.5,1040.0
2023-11-25,1056.5066666666667,1069.8333333333333,1082.1666666666667,1044.5
2023-11-26,1067.0133333333333,1065.1666666666667,1084.8333333333333,1049.0
2023-11-27,1077.52,1060.5,1087.5,1053.5
2023-11-28,1070.0,1060.5,1078.0,1044.0
2023-11-29,1058.5,1032.5,1069.0,1020.0
2023-11-30,1027.5,1013.5,1031.5,1005.5
2023-12-01,1010.5,1005.0,1024.0,990.5
2023-12-02,1007.75,1005.0,1014.5,997.75
2023-12-03,1005.0,1005.0,1005.0,1005.0
2023-12-04,1007.0,976.5,1015.5,962.5
2023-12-05,973.5,938.5,983.0,925.0
2023-12-06,937.0,948.5,977.5,936.0
2023-12-07,949.0,979.0,996.5,942.0
2023-12-08,977.0,947.5,988.5,944.5
2023-12-09,947.5,947.5,947.5,947.5
2023-12-10,947.5,949.5,949.5,947.5
2023-12-11,950.0,963.0,971.5,937.5
2023-12-12,963.5,979.5,991.5,962.0
2023-12-13,984.0,966.0,1008.0,956.0
2023-12-14,1000.0,1118.5,1121.0,996.0
2023-12-15,1115.5,1195.5,1199.5,1090.0
2023-12-16,1195.5,1195.5,1195.5,1195.5
2023-12-17,1195.5,1195.5,1195.5,1195.5
2023-12-18,1174.0,1192.5,1218.0,1153.0
2023-12-19,1184.5,1233.0,1248.5,1171.5
2023-12-20,1229.0,1219.0,1236.0,1194.5
2023-12-21,1208.5,1220.0,1228.0,1190.5
2023-12-22,1219.0,1215.5,1251.5,1201.0
2023-12-23,1215.5,1215.5,1215.5,1215.5
2023-12-24,1215.5,1215.5,1215.5,1215.5
2023-12-25,1215.5,1215.5,1215.5,1215.5
2023-12-26,1211.5,1181.5,1219.5,1177.5
2023-12-27,1186.0,1149.5,1203.5,1147.0
2023-12-28,1156.0,1134.5,1167.0,1126.5
2023-12-29,1132.5,1101.5,1138.5,1100.5
2023-12-30,1101.5,1101.5,1101.5,1101.5
2023-12-31,1101.5,1102.75,1102.75,1101.5
2024-01-01,1101.5,1104.0,1104.0,1101.5
2024-01-02,1101.5,1078.5,1116.5,1069.5
2024-01-03,1077.0,1069.0,1096.5,1054.5
2024-01-04,1070.5,1036.0,1078.5,1033.5
2024-01-05,1044.0,1035.0,1054.0,1019.5
2024-01-06,1035.0,1035.0,1035.0,1035.0
2024-01-07,1035.0,1035.0,1035.0,1035.0
2024-01-08,1029.0,996.5,1036.5,992.0
2024-01-09,997.0,975.0,1013.0,970.5
2024-01-10,982.5,993.0,1017.5,979.0
2024-01-11,1003.0,981.0,1026.5,980.5
2024-01-12,993.0,975.5,1004.0,970.5
2024-01-13,975.5,975.5,975.5,975.5
2024-01-14,975.5,976.5,976.5,975.5
2024-01-15,977.5,972.5,997.0,961.5
2024-01-16,974.0,936.0,977.5,931.5
2024-01-17,938.0,917.5,942.0,903.0
2024-01-18,917.5,942.0,945.0,915.0
2024-01-19,943.5,946.5,955.0,928.5
2024-01-20,946.5,946.5,946.5,946.5
2024-01-21,946.5,946.5,946.5,946.5
2024-01-22,949.0,938.5,954.0,914.0
2024-01-23,937.0,945.0,957.5,927.5
2024-01-24,950.5,971.5,977.0,942.5
2024-01-25,967.0,941.0,970.5,932.0
2024-01-26,941.5,959.5,965.0,929.5
2024-01-27,959.5,959.5,959.5,959.5
2024-01-28,959.5,959.5,959.5,959.5
2024-01-29,958.0,979.0,989.0,946.5
2024-01-30,988.0,977.5,995.5,970.0
2024-01-31,980.0,995.0,998.0,971.0
2024-02-01,981.5,969.5,986.5,949.5
2024-02-02,967.5,947.0,983.0,930.0
2024-02-03,947.0,947.0,947.0,947.0
2024-02-04,947.0,947.0,947.0,947.0
2024-02-05,947.5,954.0,960.0,923.5
2024-02-06,954.5,949.5,966.0,935.0
2024-02-07,949.5,898.5,955.0,894.0
2024-02-08,896.0,891.0,907.5,859.5
2024-02-09,893.0,860.5,899.0,858.5
2024-02-10,860.5,860.5,860.5,860.5
2024-02-11,860.5,868.5,868.5,860.5
2024-02-12,859.5,895.5,904.0,857.0
2024-02-13,897.5,859.5,914.5,851.5
2024-02-14,862.5,934.0,940.5,854.5
2024-02-15,940.5,952.0,981.0,923.0
2024-02-16,960.5,952.0,967.0,933.5
2024-02-17,952.0,952.0,952.0,952.0
2024-02-18,952.0,952.0,952.0,952.0
2024-02-19,951.0,954.5,968.5,939.5
2024-02-20,951.5,986.5,995.0,938.5
2024-02-21,984.0,951.0,996.5,930.5
2024-02-22,952.5,970.0,977.5,946.0
2024-02-23,971.5,974.5,998.5,955.0
2024-02-24,974.5,974.5,974.5,974.5
2024-02-25,974.5,967.25,975.5,960.75
2024-02-26,974.5,960.0,976.5,947.0
2024-02-27,960.0,945.5,975.0,937.0
2024-02-28,937.5,927.0,941.0,910.5
2024-02-29,929.0,943.0,953.0,924.5
2024-03-01,949.0,957.5,965.0,934.0
2024-03-02,953.75,958.0,961.75,946.25
2024-03-03,958.5,958.5,958.5,958.5
2024-03-04,961.0,968.5,974.0,944.5
2024-03-05,966.0,942.0,967.5,933.0
2024-03-06,948.5,1044.0,1068.5,945.5
2024-03-07,1053.0,1037.5,1062.5,1024.0
2024-03-08,1042.5,1020.5,1063.5,1012.5
2024-03-09,1031.5,1023.75,1045.25,1016.5
2024-03-10,1020.5,1027.0,1027.0,1020.5
2024-03-11,1022.5,1036.5,1045.0,1021.0
2024-03-12,1036.0,1040.5,1047.0,1006.5
2024-03-13,1041.5,1065.5,1077.5,1035.0
2024-03-14,1066.5,1067.5,1100.5,1056.0
2024-03-15,1066.0,1084.0,1112.5,1061.5
2024-03-16,1084.0,1084.0,1084.0,1084.0
2024-03-17,1084.0,1082.5,1084.0,1079.0
2024-03-18,1080.0,1033.0,1085.0,1026.0
2024-03-19,1033.5,993.0,1033.5,976.0
2024-03-20,993.5,1029.0,1033.0,978.5
2024-03-21,1030.0,1009.0,1043.5,997.5
2024-03-22,1008.5,992.5,1018.0,983.5
2024-03-23,992.5,992.5,992.5,992.5
2024-03-24,0.0,984.0,0.0,983.0
2024-03-25,986.0,1007.5,1027.0,985.5
2024-03-26,1008.0,995.5,1021.5,992.5
2024-03-27,995.0,990.0,995.5,968.0
2024-03-28,989.5,1016.5,1025.5,988.5
2024-03-29,1016.5,1016.5,1016.5,1016.5
2024-03-30,1016.5,1016.5,1016.5,1016.5
2024-03-31,1016.5,1016.5,1016.5,1016.5
2024-04-01,1021.0,999.0,1032.5,991.5
2024-04-02,1005.5,999.5,1030.5,996.0
2024-04-03,1009.0,1016.5,1030.5,992.5
2024-04-04,1020.0,1036.5,1045.0,1008.0
2024-04-05,1026.0,1005.0,1026.0,987.5
2024-04-06,1005.0,1005.0,1005.0,1005.0
2024-04-07,1005.0,1002.5,1005.0,1002.5
2024-04-08,1006.5,1045.5,1054.5,991.5
2024-04-09,1050.5,1081.0,1096.5,1049.0
2024-04-10,1097.0,1053.5,1105.0,1043.0
2024-04-11,1048.5,1035.5,1076.0,1029.5
2024-04-12,1051.0,1052.5,1088.5,1047.0
2024-04-13,1052.5,1052.5,1052.5,1052.5
2024-04-14,1052.5,1053.5,1053.5,1052.5
2024-04-15,1060.5,1038.0,1064.0,1021.0
2024-04-16,1038.0,1025.0,1040.0,1000.0
2024-04-17,1018.0,1025.0,1049.0,1008.5
2024-04-18,1027.5,1032.5,1050.0,1020.0
2024-04-19,1025.0,1030.5,1040.5,997.5
2024-04-20,1030.5,1030.5,1030.5,1030.5
2024-04-21,1030.5,1020.5,1030.5,1020.5
2024-04-22,1025.0,1010.5,1029.5,1002.0
2024-04-23,1011.5,1022.0,1029.0,989.5
2024-04-24,1020.0,1003.5,1032.5,1000.0
2024-04-25,1000.5,977.0,1012.0,973.5
2024-04-26,984.0,955.0,992.0,953.5
2024-04-27,955.0,955.0,955.0,955.0
2024-04-28,956.25,964.5,968.75,950.75
2024-04-29,957.5,974.0,982.5,946.5
2024-04-30,978.5,950.0,979.0,934.5
2024-05-01,961.0,945.5,961.0,936.0
2024-05-02,954.5,936.0,958.5,920.0
2024-05-03,936.5,950.0,956.5,926.0
2024-05-04,943.25,950.0,953.25,938.0
2024-05-05,950.0,950.0,950.0,950.0
2024-05-06,940.5,981.0,989.5,939.5
2024-05-07,981.0,977.5,989.5,970.5
2024-05-08,973.5,954.5,979.0,948.5
2024-05-09,955.0,969.5,977.0,945.0
2024-05-10,971.0,979.5,1003.5,970.5
2024-05-11,979.5,979.5,979.5,979.5
2024-05-12,979.5,979.5,979.5,979.5
2024-05-13,983.5,964.0,992.5,961.0
2024-05-14,965.0,980.5,990.5,963.0
2024-05-15,983.0,1013.0,1022.0,982.0
2024-05-16,1011.5,996.5,1023.0,987.0
2024-05-17,990.5,1010.5,1015.0,970.0
2024-05-18,1010.5,1010.5,1010.5,1010.5
2024-05-19,1010.5,1010.5,1010.5,1010.5
2024-05-20,1010.0,1029.5,1042.5,995.5
2024-05-21,1034.0,1028.5,1045.5,1007.5
2024-05-22,1031.5,1002.0,1037.5,994.5
2024-05-23,998.0,972.0,1000.0,966.0
2024-05-24,973.0,966.5,978.5,961.5
2024-05-25,966.5,966.5,966.5,966.5
2024-05-26,966.5,968.0,968.0,966.5
2024-05-27,968.0,993.0,1004.0,967.5
2024-05-28,995.5,975.5,997.0,969.5
2024-05-29,982.5,968.0,983.0,946.5
2024-05-30,957.0,950.5,962.0,932.5
2024-05-31,949.5,914.5,956.0,903.5
2024-06-01,914.5,914.5,914.5,914.5
